Species	Domain	Lineage_7levels
Acetivibrio_clariflavus	Bacteria	d__Bacteria;p__Bacillota_A;c__Clostridia;o__Acetivibrionales;f__Acetivibrionaceae;g__Acetivibrio;s__Acetivibrio clariflavus
Acidaminococcus_fermentans	Bacteria	d__Bacteria;p__Bacillota_C;c__Negativicutes;o__Acidaminococcales;f__Acidaminococcaceae;g__Acidaminococcus;s__Acidaminococcus fermentans
Acidaminococcus_intestini	Bacteria	d__Bacteria;p__Bacillota_C;c__Negativicutes;o__Acidaminococcales;f__Acidaminococcaceae;g__Acidaminococcus;s__Acidaminococcus intestini
Acidipropionibacterium_acidipropionici	Bacteria	d__Bacteria;p__Actinomycetota;c__Actinomycetes;o__Propionibacteriales;f__Propionibacteriaceae;g__Acidipropionibacterium;s__Acidipropionibacterium acidipropionici
Acidipropionibacterium_jensenii	Bacteria	d__Bacteria;p__Actinomycetota;c__Actinomycetes;o__Propionibacteriales;f__Propionibacteriaceae;g__Acidipropionibacterium;s__Acidipropionibacterium jensenii
Acinetobacter_baumannii	Bacteria	d__Bacteria;p__Pseudomonadota;c__Gammaproteobacteria;o__Pseudomonadales;f__Moraxellaceae;g__Acinetobacter;s__Acinetobacter baumannii
Actinobaculum_massiliense	Bacteria	d__Bacteria;p__Actinomycetota;c__Actinomycetes;o__Actinomycetales;f__Actinomycetaceae;g__Actinobaculum;s__Actinobaculum massiliense
Actinomyces_urogenitalis	Bacteria	d__Bacteria;p__Actinomycetota;c__Actinomycetes;o__Actinomycetales;f__Actinomycetaceae;g__Actinomyces;s__Actinomyces urogenitalis
Actinotignum_sanguinis	Bacteria	d__Bacteria;p__Actinomycetota;c__Actinomycetes;o__Actinomycetales;f__Actinomycetaceae;g__Actinotignum;s__Actinotignum sanguinis
Actinotignum_timonense	Bacteria	d__Bacteria;p__Actinomycetota;c__Actinomycetes;o__Actinomycetales;f__Actinomycetaceae;g__Actinotignum;s__Actinotignum timonense
Acutalibacter_muris	Bacteria	d__Bacteria;p__Bacillota_A;c__Clostridia;o__Oscillospirales;f__Acutalibacteraceae;g__Acutalibacter;s__Acutalibacter muris
Adlercreutzia_equolifaciens	Bacteria	d__Bacteria;p__Actinomycetota;c__Coriobacteriia;o__Coriobacteriales;f__Eggerthellaceae;g__Adlercreutzia;s__Adlercreutzia equolifaciens
Aerococcus_christensenii	Bacteria	d__Bacteria;p__Bacillota;c__Bacilli;o__Lactobacillales;f__Aerococcaceae;g__Aerococcus;s__Aerococcus christensenii
Aerococcus_sanguinicola	Bacteria	d__Bacteria;p__Bacillota;c__Bacilli;o__Lactobacillales;f__Aerococcaceae;g__Aerococcus;s__Aerococcus sanguinicola
Aerococcus_urinae	Bacteria	d__Bacteria;p__Bacillota;c__Bacilli;o__Lactobacillales;f__Aerococcaceae;g__Aerococcus;s__Aerococcus urinae
Aerococcus_urinaeequi	Bacteria	d__Bacteria;p__Bacillota;c__Bacilli;o__Lactobacillales;f__Aerococcaceae;g__Aerococcus;s__Aerococcus urinaeequi
Aerococcus_urinaehominis	Bacteria	d__Bacteria;p__Bacillota;c__Bacilli;o__Lactobacillales;f__Aerococcaceae;g__Aerococcus;s__Aerococcus urinaehominis
Agathobacter_faecis	Bacteria	d__Bacteria;p__Bacillota_A;c__Clostridia;o__Lachnospirales;f__Lachnospiraceae;g__Agathobacter;s__Agathobacter faecis
Alloprevotella_sp905369775	Bacteria	d__Bacteria;p__Bacteroidota;c__Bacteroidia;o__Bacteroidales;f__Bacteroidaceae;g__Alloprevotella;s__Alloprevotella sp905369775
Alloscardovia_omnicolens	Bacteria	d__Bacteria;p__Actinomycetota;c__Actinomycetes;o__Actinomycetales;f__Bifidobacteriaceae;g__Alloscardovia;s__Alloscardovia omnicolens
Anaerobutyricum_hallii	Bacteria	d__Bacteria;p__Bacillota_A;c__Clostridia;o__Lachnospirales;f__Lachnospiraceae;g__Anaerobutyricum;s__Anaerobutyricum hallii
Anaerococcus_degeneri	Bacteria	d__Bacteria;p__Bacillota_A;c__Clostridia;o__Tissierellales;f__Peptoniphilaceae;g__Anaerococcus;s__Anaerococcus degeneri
Anaerococcus_hydrogenalis	Bacteria	d__Bacteria;p__Bacillota_A;c__Clostridia;o__Tissierellales;f__Peptoniphilaceae;g__Anaerococcus;s__Anaerococcus hydrogenalis
Anaerococcus_lactolyticus	Bacteria	d__Bacteria;p__Bacillota_A;c__Clostridia;o__Tissierellales;f__Peptoniphilaceae;g__Anaerococcus;s__Anaerococcus lactolyticus
Anaerococcus_mediterraneensis	Bacteria	d__Bacteria;p__Bacillota_A;c__Clostridia;o__Tissierellales;f__Peptoniphilaceae;g__Anaerococcus;s__Anaerococcus mediterraneensis
Anaerococcus_prevotii	Bacteria	d__Bacteria;p__Bacillota_A;c__Clostridia;o__Tissierellales;f__Peptoniphilaceae;g__Anaerococcus;s__Anaerococcus prevotii
Anaerococcus_rubeinfantis	Bacteria	d__Bacteria;p__Bacillota_A;c__Clostridia;o__Tissierellales;f__Peptoniphilaceae;g__Anaerococcus;s__Anaerococcus rubeinfantis
Anaerococcus_senegalensis	Bacteria	d__Bacteria;p__Bacillota_A;c__Clostridia;o__Tissierellales;f__Peptoniphilaceae;g__Anaerococcus;s__Anaerococcus senegalensis
Anaerococcus_sp900258475	Bacteria	d__Bacteria;p__Bacillota_A;c__Clostridia;o__Tissierellales;f__Peptoniphilaceae;g__Anaerococcus;s__Anaerococcus sp900258475
Anaerococcus_tetradius	Bacteria	d__Bacteria;p__Bacillota_A;c__Clostridia;o__Tissierellales;f__Peptoniphilaceae;g__Anaerococcus;s__Anaerococcus tetradius
Anaerococcus_vaginalis	Bacteria	d__Bacteria;p__Bacillota_A;c__Clostridia;o__Tissierellales;f__Peptoniphilaceae;g__Anaerococcus;s__Anaerococcus vaginalis
Anaerococcus_vaginimassiliensis	Bacteria	d__Bacteria;p__Bacillota_A;c__Clostridia;o__Tissierellales;f__Peptoniphilaceae;g__Anaerococcus;s__Anaerococcus vaginimassiliensis
Anaeroglobus_geminatus	Bacteria	d__Bacteria;p__Bacillota_C;c__Negativicutes;o__Veillonellales;f__Megasphaeraceae;g__Anaeroglobus;s__Anaeroglobus geminatus
Anaeroglobus_micronuciformis	Bacteria	d__Bacteria;p__Bacillota_C;c__Negativicutes;o__Veillonellales;f__Megasphaeraceae;g__Anaeroglobus;s__Anaeroglobus micronuciformis
Anaeroglobus_vaginalis	Bacteria	d__Bacteria;p__Bacillota_C;c__Negativicutes;o__Veillonellales;f__Megasphaeraceae;g__Anaeroglobus;s__Anaeroglobus vaginalis
Anaerostipes_hadrus	Bacteria	d__Bacteria;p__Bacillota_A;c__Clostridia;o__Lachnospirales;f__Lachnospiraceae;g__Anaerostipes;s__Anaerostipes hadrus
Arachnia_timonensis	Bacteria	d__Bacteria;p__Actinomycetota;c__Actinomycetes;o__Propionibacteriales;f__Propionibacteriaceae;g__Arachnia;s__Arachnia timonensis
Arcanobacterium_haemolyticum	Bacteria	d__Bacteria;p__Actinomycetota;c__Actinomycetes;o__Actinomycetales;f__Actinomycetaceae;g__Arcanobacterium;s__Arcanobacterium haemolyticum
Arcanobacterium_phocae	Bacteria	d__Bacteria;p__Actinomycetota;c__Actinomycetes;o__Actinomycetales;f__Actinomycetaceae;g__Arcanobacterium;s__Arcanobacterium phocae
Atopobacter_sp003664595	Bacteria	d__Bacteria;p__Bacillota;c__Bacilli;o__Lactobacillales;f__Aerococcaceae;g__Atopobacter;s__Atopobacter sp003664595
Atopobium_deltae	Bacteria	d__Bacteria;p__Actinomycetota;c__Coriobacteriia;o__Coriobacteriales;f__Atopobiaceae;g__Atopobium;s__Atopobium deltae
Atopobium_minutum	Bacteria	d__Bacteria;p__Actinomycetota;c__Coriobacteriia;o__Coriobacteriales;f__Atopobiaceae;g__Atopobium;s__Atopobium minutum
Bacillus_spizizenii	Bacteria	d__Bacteria;p__Bacillota;c__Bacilli;o__Bacillales;f__Bacillaceae;g__Bacillus;s__Bacillus spizizenii
Bacteroides_fragilis	Bacteria	d__Bacteria;p__Bacteroidota;c__Bacteroidia;o__Bacteroidales;f__Bacteroidaceae;g__Bacteroides;s__Bacteroides fragilis
Barnesiella_viscericola	Bacteria	d__Bacteria;p__Bacteroidota;c__Bacteroidia;o__Bacteroidales;f__Barnesiellaceae;g__Barnesiella;s__Barnesiella viscericola
Berryella_sp001552935	Bacteria	d__Bacteria;p__Actinomycetota;c__Coriobacteriia;o__Coriobacteriales;f__Eggerthellaceae;g__Berryella;s__Berryella sp001552935
Berryella_sp900604965	Bacteria	d__Bacteria;p__Actinomycetota;c__Coriobacteriia;o__Coriobacteriales;f__Eggerthellaceae;g__Berryella;s__Berryella sp900604965
Bifidobacterium_actinocoloniiforme	Bacteria	d__Bacteria;p__Actinomycetota;c__Actinomycetes;o__Actinomycetales;f__Bifidobacteriaceae;g__Bifidobacterium;s__Bifidobacterium actinocoloniiforme
Bifidobacterium_adolescentis	Bacteria	d__Bacteria;p__Actinomycetota;c__Actinomycetes;o__Actinomycetales;f__Bifidobacteriaceae;g__Bifidobacterium;s__Bifidobacterium adolescentis
Bifidobacterium_angulatum	Bacteria	d__Bacteria;p__Actinomycetota;c__Actinomycetes;o__Actinomycetales;f__Bifidobacteriaceae;g__Bifidobacterium;s__Bifidobacterium angulatum
Bifidobacterium_animalis	Bacteria	d__Bacteria;p__Actinomycetota;c__Actinomycetes;o__Actinomycetales;f__Bifidobacteriaceae;g__Bifidobacterium;s__Bifidobacterium animalis
Bifidobacterium_asteroides	Bacteria	d__Bacteria;p__Actinomycetota;c__Actinomycetes;o__Actinomycetales;f__Bifidobacteriaceae;g__Bifidobacterium;s__Bifidobacterium asteroides
Bifidobacterium_bifidum	Bacteria	d__Bacteria;p__Actinomycetota;c__Actinomycetes;o__Actinomycetales;f__Bifidobacteriaceae;g__Bifidobacterium;s__Bifidobacterium bifidum
Bifidobacterium_breve	Bacteria	d__Bacteria;p__Actinomycetota;c__Actinomycetes;o__Actinomycetales;f__Bifidobacteriaceae;g__Bifidobacterium;s__Bifidobacterium breve
Bifidobacterium_catenulatum	Bacteria	d__Bacteria;p__Actinomycetota;c__Actinomycetes;o__Actinomycetales;f__Bifidobacteriaceae;g__Bifidobacterium;s__Bifidobacterium catenulatum
Bifidobacterium_choerinum	Bacteria	d__Bacteria;p__Actinomycetota;c__Actinomycetes;o__Actinomycetales;f__Bifidobacteriaceae;g__Bifidobacterium;s__Bifidobacterium choerinum
Bifidobacterium_dentium	Bacteria	d__Bacteria;p__Actinomycetota;c__Actinomycetes;o__Actinomycetales;f__Bifidobacteriaceae;g__Bifidobacterium;s__Bifidobacterium dentium
Bifidobacterium_globosum	Bacteria	d__Bacteria;p__Actinomycetota;c__Actinomycetes;o__Actinomycetales;f__Bifidobacteriaceae;g__Bifidobacterium;s__Bifidobacterium globosum
Bifidobacterium_indicum	Bacteria	d__Bacteria;p__Actinomycetota;c__Actinomycetes;o__Actinomycetales;f__Bifidobacteriaceae;g__Bifidobacterium;s__Bifidobacterium indicum
Bifidobacterium_infantis	Bacteria	d__Bacteria;p__Actinomycetota;c__Actinomycetes;o__Actinomycetales;f__Bifidobacteriaceae;g__Bifidobacterium;s__Bifidobacterium infantis
Bifidobacterium_kashiwanohense	Bacteria	d__Bacteria;p__Actinomycetota;c__Actinomycetes;o__Actinomycetales;f__Bifidobacteriaceae;g__Bifidobacterium;s__Bifidobacterium kashiwanohense
Bifidobacterium_longum	Bacteria	d__Bacteria;p__Actinomycetota;c__Actinomycetes;o__Actinomycetales;f__Bifidobacteriaceae;g__Bifidobacterium;s__Bifidobacterium longum
Bifidobacterium_pseudocatenulatum	Bacteria	d__Bacteria;p__Actinomycetota;c__Actinomycetes;o__Actinomycetales;f__Bifidobacteriaceae;g__Bifidobacterium;s__Bifidobacterium pseudocatenulatum
Bifidobacterium_scardovii	Bacteria	d__Bacteria;p__Actinomycetota;c__Actinomycetes;o__Actinomycetales;f__Bifidobacteriaceae;g__Bifidobacterium;s__Bifidobacterium scardovii
Blautia_coccoides	Bacteria	d__Bacteria;p__Bacillota_A;c__Clostridia;o__Lachnospirales;f__Lachnospiraceae;g__Blautia;s__Blautia coccoides
Brevibacterium_luteolum	Bacteria	d__Bacteria;p__Actinomycetota;c__Actinomycetes;o__Actinomycetales;f__Brevibacteriaceae;g__Brevibacterium;s__Brevibacterium luteolum
Brevibacterium_mcbrellneri	Bacteria	d__Bacteria;p__Actinomycetota;c__Actinomycetes;o__Actinomycetales;f__Brevibacteriaceae;g__Brevibacterium;s__Brevibacterium mcbrellneri
Brevibacterium_ravenspurgense	Bacteria	d__Bacteria;p__Actinomycetota;c__Actinomycetes;o__Actinomycetales;f__Brevibacteriaceae;g__Brevibacterium;s__Brevibacterium ravenspurgense
Brevibacterium_sp001815905	Bacteria	d__Bacteria;p__Actinomycetota;c__Actinomycetes;o__Actinomycetales;f__Brevibacteriaceae;g__Brevibacterium;s__Brevibacterium sp001815905
Bulleidia_moorei	Bacteria	d__Bacteria;p__Bacillota_I;c__Bacilli_A;o__Erysipelotrichales;f__Erysipelotrichaceae;g__Bulleidia;s__Bulleidia moorei
Caecibacter_massiliensis	Bacteria	d__Bacteria;p__Bacillota_C;c__Negativicutes;o__Veillonellales;f__Megasphaeraceae;g__Caecibacter;s__Caecibacter massiliensis
CAJPTP01_sp905373555	Bacteria	d__Bacteria;p__Pseudomonadota;c__Gammaproteobacteria;o__Burkholderiales;f__Neisseriaceae;g__CAJPTP01;s__CAJPTP01 sp905373555
Centipeda_felix	Bacteria	d__Bacteria;p__Bacillota_C;c__Negativicutes;o__Selenomonadales;f__Selenomonadaceae;g__Centipeda;s__Centipeda felix
Centipeda_sp001683335	Bacteria	d__Bacteria;p__Bacillota_C;c__Negativicutes;o__Selenomonadales;f__Selenomonadaceae;g__Centipeda;s__Centipeda sp001683335
Centipeda_sp001717585	Bacteria	d__Bacteria;p__Bacillota_C;c__Negativicutes;o__Selenomonadales;f__Selenomonadaceae;g__Centipeda;s__Centipeda sp001717585
Chlamydia_trachomatis	Bacteria	d__Bacteria;p__Chlamydiota;c__Chlamydiia;o__Chlamydiales;f__Chlamydiaceae;g__Chlamydia;s__Chlamydia trachomatis
Collinsella_aerofaciens	Bacteria	d__Bacteria;p__Actinomycetota;c__Coriobacteriia;o__Coriobacteriales;f__Coriobacteriaceae;g__Collinsella;s__Collinsella aerofaciens
Collinsella_sp003459245	Bacteria	d__Bacteria;p__Actinomycetota;c__Coriobacteriia;o__Coriobacteriales;f__Coriobacteriaceae;g__Collinsella;s__Collinsella sp003459245
Collinsella_sp018380015	Bacteria	d__Bacteria;p__Actinomycetota;c__Coriobacteriia;o__Coriobacteriales;f__Coriobacteriaceae;g__Collinsella;s__Collinsella sp018380015
Companilactobacillus_alimentarius	Bacteria	d__Bacteria;p__Bacillota;c__Bacilli;o__Lactobacillales;f__Lactobacillaceae;g__Companilactobacillus;s__Companilactobacillus alimentarius
Companilactobacillus_allii	Bacteria	d__Bacteria;p__Bacillota;c__Bacilli;o__Lactobacillales;f__Lactobacillaceae;g__Companilactobacillus;s__Companilactobacillus allii
Companilactobacillus_crustorum	Bacteria	d__Bacteria;p__Bacillota;c__Bacilli;o__Lactobacillales;f__Lactobacillaceae;g__Companilactobacillus;s__Companilactobacillus crustorum
Companilactobacillus_farciminis	Bacteria	d__Bacteria;p__Bacillota;c__Bacilli;o__Lactobacillales;f__Lactobacillaceae;g__Companilactobacillus;s__Companilactobacillus farciminis
Companilactobacillus_ginsenosidimutans	Bacteria	d__Bacteria;p__Bacillota;c__Bacilli;o__Lactobacillales;f__Lactobacillaceae;g__Companilactobacillus;s__Companilactobacillus ginsenosidimutans
Companilactobacillus_metriopterae	Bacteria	d__Bacteria;p__Bacillota;c__Bacilli;o__Lactobacillales;f__Lactobacillaceae;g__Companilactobacillus;s__Companilactobacillus metriopterae
Coriobacterium_glomerans	Bacteria	d__Bacteria;p__Actinomycetota;c__Coriobacteriia;o__Coriobacteriales;f__Coriobacteriaceae;g__Coriobacterium;s__Coriobacterium glomerans
Corynebacterium_accolens	Bacteria	d__Bacteria;p__Actinomycetota;c__Actinomycetes;o__Mycobacteriales;f__Mycobacteriaceae;g__Corynebacterium;s__Corynebacterium accolens
Corynebacterium_amycolatum	Bacteria	d__Bacteria;p__Actinomycetota;c__Actinomycetes;o__Mycobacteriales;f__Mycobacteriaceae;g__Corynebacterium;s__Corynebacterium amycolatum
Corynebacterium_atypicum	Bacteria	d__Bacteria;p__Actinomycetota;c__Actinomycetes;o__Mycobacteriales;f__Mycobacteriaceae;g__Corynebacterium;s__Corynebacterium atypicum
Corynebacterium_aurimucosum	Bacteria	d__Bacteria;p__Actinomycetota;c__Actinomycetes;o__Mycobacteriales;f__Mycobacteriaceae;g__Corynebacterium;s__Corynebacterium aurimucosum
Corynebacterium_casei	Bacteria	d__Bacteria;p__Actinomycetota;c__Actinomycetes;o__Mycobacteriales;f__Mycobacteriaceae;g__Corynebacterium;s__Corynebacterium casei
Corynebacterium_coyleae	Bacteria	d__Bacteria;p__Actinomycetota;c__Actinomycetes;o__Mycobacteriales;f__Mycobacteriaceae;g__Corynebacterium;s__Corynebacterium coyleae
Corynebacterium_cystitidis	Bacteria	d__Bacteria;p__Actinomycetota;c__Actinomycetes;o__Mycobacteriales;f__Mycobacteriaceae;g__Corynebacterium;s__Corynebacterium cystitidis
Corynebacterium_diphtheriae	Bacteria	d__Bacteria;p__Actinomycetota;c__Actinomycetes;o__Mycobacteriales;f__Mycobacteriaceae;g__Corynebacterium;s__Corynebacterium diphtheriae
Corynebacterium_doosanense	Bacteria	d__Bacteria;p__Actinomycetota;c__Actinomycetes;o__Mycobacteriales;f__Mycobacteriaceae;g__Corynebacterium;s__Corynebacterium doosanense
Corynebacterium_efficiens	Bacteria	d__Bacteria;p__Actinomycetota;c__Actinomycetes;o__Mycobacteriales;f__Mycobacteriaceae;g__Corynebacterium;s__Corynebacterium efficiens
Corynebacterium_endometrii	Bacteria	d__Bacteria;p__Actinomycetota;c__Actinomycetes;o__Mycobacteriales;f__Mycobacteriaceae;g__Corynebacterium;s__Corynebacterium endometrii
Corynebacterium_epidermidicanis	Bacteria	d__Bacteria;p__Actinomycetota;c__Actinomycetes;o__Mycobacteriales;f__Mycobacteriaceae;g__Corynebacterium;s__Corynebacterium epidermidicanis
Corynebacterium_flavescens	Bacteria	d__Bacteria;p__Actinomycetota;c__Actinomycetes;o__Mycobacteriales;f__Mycobacteriaceae;g__Corynebacterium;s__Corynebacterium flavescens
Corynebacterium_frankenforstense	Bacteria	d__Bacteria;p__Actinomycetota;c__Actinomycetes;o__Mycobacteriales;f__Mycobacteriaceae;g__Corynebacterium;s__Corynebacterium frankenforstense
Corynebacterium_glaucum	Bacteria	d__Bacteria;p__Actinomycetota;c__Actinomycetes;o__Mycobacteriales;f__Mycobacteriaceae;g__Corynebacterium;s__Corynebacterium glaucum
Corynebacterium_glutamicum	Bacteria	d__Bacteria;p__Actinomycetota;c__Actinomycetes;o__Mycobacteriales;f__Mycobacteriaceae;g__Corynebacterium;s__Corynebacterium glutamicum
Corynebacterium_halotolerans	Bacteria	d__Bacteria;p__Actinomycetota;c__Actinomycetes;o__Mycobacteriales;f__Mycobacteriaceae;g__Corynebacterium;s__Corynebacterium halotolerans
Corynebacterium_humireducens	Bacteria	d__Bacteria;p__Actinomycetota;c__Actinomycetes;o__Mycobacteriales;f__Mycobacteriaceae;g__Corynebacterium;s__Corynebacterium humireducens
Corynebacterium_imitans	Bacteria	d__Bacteria;p__Actinomycetota;c__Actinomycetes;o__Mycobacteriales;f__Mycobacteriaceae;g__Corynebacterium;s__Corynebacterium imitans
Corynebacterium_jeikeium	Bacteria	d__Bacteria;p__Actinomycetota;c__Actinomycetes;o__Mycobacteriales;f__Mycobacteriaceae;g__Corynebacterium;s__Corynebacterium jeikeium
Corynebacterium_kefirresidentii	Bacteria	d__Bacteria;p__Actinomycetota;c__Actinomycetes;o__Mycobacteriales;f__Mycobacteriaceae;g__Corynebacterium;s__Corynebacterium kefirresidentii
Corynebacterium_lactis	Bacteria	d__Bacteria;p__Actinomycetota;c__Actinomycetes;o__Mycobacteriales;f__Mycobacteriaceae;g__Corynebacterium;s__Corynebacterium lactis
Corynebacterium_marinum	Bacteria	d__Bacteria;p__Actinomycetota;c__Actinomycetes;o__Mycobacteriales;f__Mycobacteriaceae;g__Corynebacterium;s__Corynebacterium marinum
Corynebacterium_maris	Bacteria	d__Bacteria;p__Actinomycetota;c__Actinomycetes;o__Mycobacteriales;f__Mycobacteriaceae;g__Corynebacterium;s__Corynebacterium maris
Corynebacterium_minutissimum	Bacteria	d__Bacteria;p__Actinomycetota;c__Actinomycetes;o__Mycobacteriales;f__Mycobacteriaceae;g__Corynebacterium;s__Corynebacterium minutissimum
Corynebacterium_mucifaciens	Bacteria	d__Bacteria;p__Actinomycetota;c__Actinomycetes;o__Mycobacteriales;f__Mycobacteriaceae;g__Corynebacterium;s__Corynebacterium mucifaciens
Corynebacterium_mycetoides	Bacteria	d__Bacteria;p__Actinomycetota;c__Actinomycetes;o__Mycobacteriales;f__Mycobacteriaceae;g__Corynebacterium;s__Corynebacterium mycetoides
Corynebacterium_pacaense	Bacteria	d__Bacteria;p__Actinomycetota;c__Actinomycetes;o__Mycobacteriales;f__Mycobacteriaceae;g__Corynebacterium;s__Corynebacterium pacaense
Corynebacterium_pelargi	Bacteria	d__Bacteria;p__Actinomycetota;c__Actinomycetes;o__Mycobacteriales;f__Mycobacteriaceae;g__Corynebacterium;s__Corynebacterium pelargi
Corynebacterium_phoceense	Bacteria	d__Bacteria;p__Actinomycetota;c__Actinomycetes;o__Mycobacteriales;f__Mycobacteriaceae;g__Corynebacterium;s__Corynebacterium phoceense
Corynebacterium_pyruviciproducens	Bacteria	d__Bacteria;p__Actinomycetota;c__Actinomycetes;o__Mycobacteriales;f__Mycobacteriaceae;g__Corynebacterium;s__Corynebacterium pyruviciproducens
Corynebacterium_renale	Bacteria	d__Bacteria;p__Actinomycetota;c__Actinomycetes;o__Mycobacteriales;f__Mycobacteriaceae;g__Corynebacterium;s__Corynebacterium renale
Corynebacterium_resistens	Bacteria	d__Bacteria;p__Actinomycetota;c__Actinomycetes;o__Mycobacteriales;f__Mycobacteriaceae;g__Corynebacterium;s__Corynebacterium resistens
Corynebacterium_riegelii	Bacteria	d__Bacteria;p__Actinomycetota;c__Actinomycetes;o__Mycobacteriales;f__Mycobacteriaceae;g__Corynebacterium;s__Corynebacterium riegelii
Corynebacterium_sanguinis	Bacteria	d__Bacteria;p__Actinomycetota;c__Actinomycetes;o__Mycobacteriales;f__Mycobacteriaceae;g__Corynebacterium;s__Corynebacterium sanguinis
Corynebacterium_simulans	Bacteria	d__Bacteria;p__Actinomycetota;c__Actinomycetes;o__Mycobacteriales;f__Mycobacteriaceae;g__Corynebacterium;s__Corynebacterium simulans
Corynebacterium_singulare	Bacteria	d__Bacteria;p__Actinomycetota;c__Actinomycetes;o__Mycobacteriales;f__Mycobacteriaceae;g__Corynebacterium;s__Corynebacterium singulare
Corynebacterium_sp001831515	Bacteria	d__Bacteria;p__Actinomycetota;c__Actinomycetes;o__Mycobacteriales;f__Mycobacteriaceae;g__Corynebacterium;s__Corynebacterium sp001831515
Corynebacterium_sp001875725	Bacteria	d__Bacteria;p__Actinomycetota;c__Actinomycetes;o__Mycobacteriales;f__Mycobacteriaceae;g__Corynebacterium;s__Corynebacterium sp001875725
Corynebacterium_sp002363255	Bacteria	d__Bacteria;p__Actinomycetota;c__Actinomycetes;o__Mycobacteriales;f__Mycobacteriaceae;g__Corynebacterium;s__Corynebacterium sp002363255
Corynebacterium_sp007904105	Bacteria	d__Bacteria;p__Actinomycetota;c__Actinomycetes;o__Mycobacteriales;f__Mycobacteriaceae;g__Corynebacterium;s__Corynebacterium sp007904105
Corynebacterium_sp900539985	Bacteria	d__Bacteria;p__Actinomycetota;c__Actinomycetes;o__Mycobacteriales;f__Mycobacteriaceae;g__Corynebacterium;s__Corynebacterium sp900539985
Corynebacterium_stationis	Bacteria	d__Bacteria;p__Actinomycetota;c__Actinomycetes;o__Mycobacteriales;f__Mycobacteriaceae;g__Corynebacterium;s__Corynebacterium stationis
Corynebacterium_striatum	Bacteria	d__Bacteria;p__Actinomycetota;c__Actinomycetes;o__Mycobacteriales;f__Mycobacteriaceae;g__Corynebacterium;s__Corynebacterium striatum
Corynebacterium_testudinoris	Bacteria	d__Bacteria;p__Actinomycetota;c__Actinomycetes;o__Mycobacteriales;f__Mycobacteriaceae;g__Corynebacterium;s__Corynebacterium testudinoris
Corynebacterium_timonense	Bacteria	d__Bacteria;p__Actinomycetota;c__Actinomycetes;o__Mycobacteriales;f__Mycobacteriaceae;g__Corynebacterium;s__Corynebacterium timonense
Corynebacterium_tuberculostearicum	Bacteria	d__Bacteria;p__Actinomycetota;c__Actinomycetes;o__Mycobacteriales;f__Mycobacteriaceae;g__Corynebacterium;s__Corynebacterium tuberculostearicum
Corynebacterium_tuscaniense	Bacteria	d__Bacteria;p__Actinomycetota;c__Actinomycetes;o__Mycobacteriales;f__Mycobacteriaceae;g__Corynebacterium;s__Corynebacterium tuscaniense
Corynebacterium_ulcerans	Bacteria	d__Bacteria;p__Actinomycetota;c__Actinomycetes;o__Mycobacteriales;f__Mycobacteriaceae;g__Corynebacterium;s__Corynebacterium ulcerans
Corynebacterium_urealyticum	Bacteria	d__Bacteria;p__Actinomycetota;c__Actinomycetes;o__Mycobacteriales;f__Mycobacteriaceae;g__Corynebacterium;s__Corynebacterium urealyticum
Corynebacterium_uterequi	Bacteria	d__Bacteria;p__Actinomycetota;c__Actinomycetes;o__Mycobacteriales;f__Mycobacteriaceae;g__Corynebacterium;s__Corynebacterium uterequi
Corynebacterium_variabile	Bacteria	d__Bacteria;p__Actinomycetota;c__Actinomycetes;o__Mycobacteriales;f__Mycobacteriaceae;g__Corynebacterium;s__Corynebacterium variabile
Corynebacterium_vitaeruminis	Bacteria	d__Bacteria;p__Actinomycetota;c__Actinomycetes;o__Mycobacteriales;f__Mycobacteriaceae;g__Corynebacterium;s__Corynebacterium vitaeruminis
Corynebacterium_xerosis	Bacteria	d__Bacteria;p__Actinomycetota;c__Actinomycetes;o__Mycobacteriales;f__Mycobacteriaceae;g__Corynebacterium;s__Corynebacterium xerosis
Criibacterium_bergeronii	Bacteria	d__Bacteria;p__Bacillota_A;c__Clostridia;o__Peptostreptococcales;f__Filifactoraceae;g__Criibacterium;s__Criibacterium bergeronii
Cryptobacterium_curtum	Bacteria	d__Bacteria;p__Actinomycetota;c__Coriobacteriia;o__Coriobacteriales;f__Eggerthellaceae;g__Cryptobacterium;s__Cryptobacterium curtum
Cutibacterium_acnes	Bacteria	d__Bacteria;p__Actinomycetota;c__Actinomycetes;o__Propionibacteriales;f__Propionibacteriaceae;g__Cutibacterium;s__Cutibacterium acnes
Cutibacterium_avidum	Bacteria	d__Bacteria;p__Actinomycetota;c__Actinomycetes;o__Propionibacteriales;f__Propionibacteriaceae;g__Cutibacterium;s__Cutibacterium avidum
Cutibacterium_modestum	Bacteria	d__Bacteria;p__Actinomycetota;c__Actinomycetes;o__Propionibacteriales;f__Propionibacteriaceae;g__Cutibacterium;s__Cutibacterium modestum
Dermabacter_hominis	Bacteria	d__Bacteria;p__Actinomycetota;c__Actinomycetes;o__Actinomycetales;f__Dermabacteraceae;g__Dermabacter;s__Dermabacter hominis
Dermabacter_vaginalis	Bacteria	d__Bacteria;p__Actinomycetota;c__Actinomycetes;o__Actinomycetales;f__Dermabacteraceae;g__Dermabacter;s__Dermabacter vaginalis
Dialister_micraerophilus	Bacteria	d__Bacteria;p__Bacillota_C;c__Negativicutes;o__Veillonellales;f__Dialisteraceae;g__Dialister;s__Dialister micraerophilus
Dialister_sp001553355	Bacteria	d__Bacteria;p__Bacillota_C;c__Negativicutes;o__Veillonellales;f__Dialisteraceae;g__Dialister;s__Dialister sp001553355
Dialister_sp900541485	Bacteria	d__Bacteria;p__Bacillota_C;c__Negativicutes;o__Veillonellales;f__Dialisteraceae;g__Dialister;s__Dialister sp900541485
Dolosigranulum_pigrum	Bacteria	d__Bacteria;p__Bacillota;c__Bacilli;o__Lactobacillales;f__Carnobacteriaceae;g__Dolosigranulum;s__Dolosigranulum pigrum
Dysosmobacter_welbionis	Bacteria	d__Bacteria;p__Bacillota_A;c__Clostridia;o__Oscillospirales;f__Oscillospiraceae;g__Dysosmobacter;s__Dysosmobacter welbionis
Eggerthella_lenta	Bacteria	d__Bacteria;p__Actinomycetota;c__Coriobacteriia;o__Coriobacteriales;f__Eggerthellaceae;g__Eggerthella;s__Eggerthella lenta
Enterocloster_clostridioformis	Bacteria	d__Bacteria;p__Bacillota_A;c__Clostridia;o__Lachnospirales;f__Lachnospiraceae;g__Enterocloster;s__Enterocloster clostridioformis
Enterococcus_faecalis	Bacteria	d__Bacteria;p__Bacillota;c__Bacilli;o__Lactobacillales;f__Enterococcaceae;g__Enterococcus;s__Enterococcus faecalis
Enteroscipio_sp000270285	Bacteria	d__Bacteria;p__Actinomycetota;c__Coriobacteriia;o__Coriobacteriales;f__Eggerthellaceae;g__Enteroscipio;s__Enteroscipio sp000270285
Eremococcus_coleocola	Bacteria	d__Bacteria;p__Bacillota;c__Bacilli;o__Lactobacillales;f__Aerococcaceae;g__Eremococcus;s__Eremococcus coleocola
Escherichia_coli	Bacteria	d__Bacteria;p__Pseudomonadota;c__Gammaproteobacteria;o__Enterobacterales;f__Enterobacteriaceae;g__Escherichia;s__Escherichia coli
Eubacterium_limosum	Bacteria	d__Bacteria;p__Bacillota_A;c__Clostridia;o__Eubacteriales;f__Eubacteriaceae;g__Eubacterium;s__Eubacterium limosum
Eubacterium_maltosivorans	Bacteria	d__Bacteria;p__Bacillota_A;c__Clostridia;o__Eubacteriales;f__Eubacteriaceae;g__Eubacterium;s__Eubacterium maltosivorans
Ezakiella_coagulans	Bacteria	d__Bacteria;p__Bacillota_A;c__Clostridia;o__Tissierellales;f__Peptoniphilaceae;g__Ezakiella;s__Ezakiella coagulans
Ezakiella_massiliensis	Bacteria	d__Bacteria;p__Bacillota_A;c__Clostridia;o__Tissierellales;f__Peptoniphilaceae;g__Ezakiella;s__Ezakiella massiliensis
Facklamia_hominis	Bacteria	d__Bacteria;p__Bacillota;c__Bacilli;o__Lactobacillales;f__Aerococcaceae;g__Facklamia;s__Facklamia hominis
Facklamia_languida	Bacteria	d__Bacteria;p__Bacillota;c__Bacilli;o__Lactobacillales;f__Aerococcaceae;g__Facklamia;s__Facklamia languida
Faecalibacillus_intestinalis	Bacteria	d__Bacteria;p__Bacillota_I;c__Bacilli_A;o__Erysipelotrichales;f__Coprobacillaceae;g__Faecalibacillus;s__Faecalibacillus intestinalis
Faecalibacterium_prausnitzii	Bacteria	d__Bacteria;p__Bacillota_A;c__Clostridia;o__Oscillospirales;f__Ruminococcaceae;g__Faecalibacterium;s__Faecalibacterium prausnitzii
Faecalibaculum_rodentium	Bacteria	d__Bacteria;p__Bacillota_I;c__Bacilli_A;o__Erysipelotrichales;f__Erysipelotrichaceae;g__Faecalibaculum;s__Faecalibaculum rodentium
Faecalitalea_cylindroides	Bacteria	d__Bacteria;p__Bacillota_I;c__Bacilli_A;o__Erysipelotrichales;f__Erysipelotrichaceae;g__Faecalitalea;s__Faecalitalea cylindroides
Fannyhessea_vaginae	Bacteria	d__Bacteria;p__Actinomycetota;c__Coriobacteriia;o__Coriobacteriales;f__Atopobiaceae;g__Fannyhessea;s__Fannyhessea vaginae
Fastidiosipila_sanguinis	Bacteria	d__Bacteria;p__Bacillota_A;c__Clostridia;o__Saccharofermentanales;f__Fastidiosipilaceae;g__Fastidiosipila;s__Fastidiosipila sanguinis
Fenollaria_massiliensis	Bacteria	d__Bacteria;p__Bacillota_A;c__Clostridia;o__Tissierellales;f__Peptoniphilaceae;g__Fenollaria;s__Fenollaria massiliensis
Fenollaria_sp900539725	Bacteria	d__Bacteria;p__Bacillota_A;c__Clostridia;o__Tissierellales;f__Peptoniphilaceae;g__Fenollaria;s__Fenollaria sp900539725
Filifactor_alocis	Bacteria	d__Bacteria;p__Bacillota_A;c__Clostridia;o__Peptostreptococcales;f__Filifactoraceae;g__Filifactor;s__Filifactor alocis
Finegoldia_magna	Bacteria	d__Bacteria;p__Bacillota_A;c__Clostridia;o__Tissierellales;f__Peptoniphilaceae;g__Finegoldia;s__Finegoldia magna
Flavonifractor_plautii	Bacteria	d__Bacteria;p__Bacillota_A;c__Clostridia;o__Oscillospirales;f__Oscillospiraceae;g__Flavonifractor;s__Flavonifractor plautii
Fretibacterium_fastidiosum	Bacteria	d__Bacteria;p__Synergistota;c__Synergistia;o__Synergistales;f__Aminobacteriaceae;g__Fretibacterium;s__Fretibacterium fastidiosum
Fusobacterium_animalis	Bacteria	d__Bacteria;p__Fusobacteriota;c__Fusobacteriia;o__Fusobacteriales;f__Fusobacteriaceae;g__Fusobacterium;s__Fusobacterium animalis
Fusobacterium_hwasookii	Bacteria	d__Bacteria;p__Fusobacteriota;c__Fusobacteriia;o__Fusobacteriales;f__Fusobacteriaceae;g__Fusobacterium;s__Fusobacterium hwasookii
Fusobacterium_nucleatum	Bacteria	d__Bacteria;p__Fusobacteriota;c__Fusobacteriia;o__Fusobacteriales;f__Fusobacteriaceae;g__Fusobacterium;s__Fusobacterium nucleatum
Fusobacterium_periodonticum	Bacteria	d__Bacteria;p__Fusobacteriota;c__Fusobacteriia;o__Fusobacteriales;f__Fusobacteriaceae;g__Fusobacterium;s__Fusobacterium periodonticum
Fusobacterium_polymorphum	Bacteria	d__Bacteria;p__Fusobacteriota;c__Fusobacteriia;o__Fusobacteriales;f__Fusobacteriaceae;g__Fusobacterium;s__Fusobacterium polymorphum
Fusobacterium_pseudoperiodonticum	Bacteria	d__Bacteria;p__Fusobacteriota;c__Fusobacteriia;o__Fusobacteriales;f__Fusobacteriaceae;g__Fusobacterium;s__Fusobacterium pseudoperiodonticum
Fusobacterium_vincentii	Bacteria	d__Bacteria;p__Fusobacteriota;c__Fusobacteriia;o__Fusobacteriales;f__Fusobacteriaceae;g__Fusobacterium;s__Fusobacterium vincentii
Gemella_asaccharolytica	Bacteria	d__Bacteria;p__Bacillota;c__Bacilli;o__Staphylococcales;f__Gemellaceae;g__Gemella;s__Gemella asaccharolytica
Gemella_haemolysans	Bacteria	d__Bacteria;p__Bacillota;c__Bacilli;o__Staphylococcales;f__Gemellaceae;g__Gemella;s__Gemella haemolysans
Gemella_massiliensis	Bacteria	d__Bacteria;p__Bacillota;c__Bacilli;o__Staphylococcales;f__Gemellaceae;g__Gemella;s__Gemella massiliensis
Gemella_morbillorum	Bacteria	d__Bacteria;p__Bacillota;c__Bacilli;o__Staphylococcales;f__Gemellaceae;g__Gemella;s__Gemella morbillorum
Gemella_sanguinis	Bacteria	d__Bacteria;p__Bacillota;c__Bacilli;o__Staphylococcales;f__Gemellaceae;g__Gemella;s__Gemella sanguinis
Gleimia_europaea	Bacteria	d__Bacteria;p__Actinomycetota;c__Actinomycetes;o__Actinomycetales;f__Actinomycetaceae;g__Gleimia;s__Gleimia europaea
Gordonibacter_massiliensis	Bacteria	d__Bacteria;p__Actinomycetota;c__Coriobacteriia;o__Coriobacteriales;f__Eggerthellaceae;g__Gordonibacter;s__Gordonibacter massiliensis
Gordonibacter_urolithinfaciens	Bacteria	d__Bacteria;p__Actinomycetota;c__Coriobacteriia;o__Coriobacteriales;f__Eggerthellaceae;g__Gordonibacter;s__Gordonibacter urolithinfaciens
Gottschalkia_acidurici	Bacteria	d__Bacteria;p__Bacillota_A;c__Clostridia;o__Tissierellales;f__Gottschalkiaceae;g__Gottschalkia;s__Gottschalkia acidurici
Granulicatella_elegans	Bacteria	d__Bacteria;p__Bacillota;c__Bacilli;o__Lactobacillales;f__Aerococcaceae;g__Granulicatella;s__Granulicatella elegans
Helcobacillus_massiliensis	Bacteria	d__Bacteria;p__Actinomycetota;c__Actinomycetes;o__Actinomycetales;f__Dermabacteraceae;g__Helcobacillus;s__Helcobacillus massiliensis
Helcococcus_kunzii	Bacteria	d__Bacteria;p__Bacillota_A;c__Clostridia;o__Tissierellales;f__Peptoniphilaceae;g__Helcococcus;s__Helcococcus kunzii
Histophilus_somni	Bacteria	d__Bacteria;p__Pseudomonadota;c__Gammaproteobacteria;o__Enterobacterales;f__Pasteurellaceae;g__Histophilus;s__Histophilus somni
Hornefia_minuta	Bacteria	d__Bacteria;p__Bacillota_A;c__Clostridia;o__Peptostreptococcales;f__Anaerovoracaceae;g__Hornefia;s__Hornefia minuta
Hungatella_hathewayi	Bacteria	d__Bacteria;p__Bacillota_A;c__Clostridia;o__Lachnospirales;f__Lachnospiraceae;g__Hungatella;s__Hungatella hathewayi
Jonquetella_anthropi	Bacteria	d__Bacteria;p__Synergistota;c__Synergistia;o__Synergistales;f__Dethiosulfovibrionaceae;g__Jonquetella;s__Jonquetella anthropi
KA00134_sp001574395	Bacteria	d__Bacteria;p__Bacillota_A;c__Clostridia;o__Tissierellales;f__Peptoniphilaceae;g__KA00134;s__KA00134 sp001574395
KA00274_sp001552885	Bacteria	d__Bacteria;p__Bacillota_A;c__Clostridia;o__Saccharofermentanales;f__Fastidiosipilaceae;g__KA00274;s__KA00274 sp001552885
KA00274_sp902373515	Bacteria	d__Bacteria;p__Bacillota_A;c__Clostridia;o__Saccharofermentanales;f__Fastidiosipilaceae;g__KA00274;s__KA00274 sp902373515
Khoudiadiopia_massiliensis	Bacteria	d__Bacteria;p__Bacillota_A;c__Clostridia;o__Tissierellales;f__Peptoniphilaceae;g__Khoudiadiopia;s__Khoudiadiopia massiliensis
Klebsiella_michiganensis	Bacteria	d__Bacteria;p__Pseudomonadota;c__Gammaproteobacteria;o__Enterobacterales;f__Enterobacteriaceae;g__Klebsiella;s__Klebsiella michiganensis
Klebsiella_pneumoniae	Bacteria	d__Bacteria;p__Pseudomonadota;c__Gammaproteobacteria;o__Enterobacterales;f__Enterobacteriaceae;g__Klebsiella;s__Klebsiella pneumoniae
Lachnospira_eligens	Bacteria	d__Bacteria;p__Bacillota_A;c__Clostridia;o__Lachnospirales;f__Lachnospiraceae;g__Lachnospira;s__Lachnospira eligens
Lacticaseibacillus_manihotivorans	Bacteria	d__Bacteria;p__Bacillota;c__Bacilli;o__Lactobacillales;f__Lactobacillaceae;g__Lacticaseibacillus;s__Lacticaseibacillus manihotivorans
Lacticaseibacillus_paracasei	Bacteria	d__Bacteria;p__Bacillota;c__Bacilli;o__Lactobacillales;f__Lactobacillaceae;g__Lacticaseibacillus;s__Lacticaseibacillus paracasei
Lacticaseibacillus_rhamnosus	Bacteria	d__Bacteria;p__Bacillota;c__Bacilli;o__Lactobacillales;f__Lactobacillaceae;g__Lacticaseibacillus;s__Lacticaseibacillus rhamnosus
Lactiplantibacillus_pentosus	Bacteria	d__Bacteria;p__Bacillota;c__Bacilli;o__Lactobacillales;f__Lactobacillaceae;g__Lactiplantibacillus;s__Lactiplantibacillus pentosus
Lactiplantibacillus_plantarum	Bacteria	d__Bacteria;p__Bacillota;c__Bacilli;o__Lactobacillales;f__Lactobacillaceae;g__Lactiplantibacillus;s__Lactiplantibacillus plantarum
Lactiplantibacillus_sp002970915	Bacteria	d__Bacteria;p__Bacillota;c__Bacilli;o__Lactobacillales;f__Lactobacillaceae;g__Lactiplantibacillus;s__Lactiplantibacillus sp002970915
Lactiplantibacillus_sp002970935	Bacteria	d__Bacteria;p__Bacillota;c__Bacilli;o__Lactobacillales;f__Lactobacillaceae;g__Lactiplantibacillus;s__Lactiplantibacillus sp002970935
Lactobacillus_acetotolerans	Bacteria	d__Bacteria;p__Bacillota;c__Bacilli;o__Lactobacillales;f__Lactobacillaceae;g__Lactobacillus;s__Lactobacillus acetotolerans
Lactobacillus_acidophilus	Bacteria	d__Bacteria;p__Bacillota;c__Bacilli;o__Lactobacillales;f__Lactobacillaceae;g__Lactobacillus;s__Lactobacillus acidophilus
Lactobacillus_amylolyticus	Bacteria	d__Bacteria;p__Bacillota;c__Bacilli;o__Lactobacillales;f__Lactobacillaceae;g__Lactobacillus;s__Lactobacillus amylolyticus
Lactobacillus_amylovorus	Bacteria	d__Bacteria;p__Bacillota;c__Bacilli;o__Lactobacillales;f__Lactobacillaceae;g__Lactobacillus;s__Lactobacillus amylovorus
Lactobacillus_crispatus	Bacteria	d__Bacteria;p__Bacillota;c__Bacilli;o__Lactobacillales;f__Lactobacillaceae;g__Lactobacillus;s__Lactobacillus crispatus
Lactobacillus_delbrueckii	Bacteria	d__Bacteria;p__Bacillota;c__Bacilli;o__Lactobacillales;f__Lactobacillaceae;g__Lactobacillus;s__Lactobacillus delbrueckii
Lactobacillus_gallinarum	Bacteria	d__Bacteria;p__Bacillota;c__Bacilli;o__Lactobacillales;f__Lactobacillaceae;g__Lactobacillus;s__Lactobacillus gallinarum
Lactobacillus_gasseri	Bacteria	d__Bacteria;p__Bacillota;c__Bacilli;o__Lactobacillales;f__Lactobacillaceae;g__Lactobacillus;s__Lactobacillus gasseri
Lactobacillus_helsingborgensis	Bacteria	d__Bacteria;p__Bacillota;c__Bacilli;o__Lactobacillales;f__Lactobacillaceae;g__Lactobacillus;s__Lactobacillus helsingborgensis
Lactobacillus_helveticus	Bacteria	d__Bacteria;p__Bacillota;c__Bacilli;o__Lactobacillales;f__Lactobacillaceae;g__Lactobacillus;s__Lactobacillus helveticus
Lactobacillus_iners	Bacteria	d__Bacteria;p__Bacillota;c__Bacilli;o__Lactobacillales;f__Lactobacillaceae;g__Lactobacillus;s__Lactobacillus iners
Lactobacillus_jensenii	Bacteria	d__Bacteria;p__Bacillota;c__Bacilli;o__Lactobacillales;f__Lactobacillaceae;g__Lactobacillus;s__Lactobacillus jensenii
Lactobacillus_johnsonii	Bacteria	d__Bacteria;p__Bacillota;c__Bacilli;o__Lactobacillales;f__Lactobacillaceae;g__Lactobacillus;s__Lactobacillus johnsonii
Lactobacillus_kefiranofaciens	Bacteria	d__Bacteria;p__Bacillota;c__Bacilli;o__Lactobacillales;f__Lactobacillaceae;g__Lactobacillus;s__Lactobacillus kefiranofaciens
Lactobacillus_kitasatonis	Bacteria	d__Bacteria;p__Bacillota;c__Bacilli;o__Lactobacillales;f__Lactobacillaceae;g__Lactobacillus;s__Lactobacillus kitasatonis
Lactobacillus_mulieris	Bacteria	d__Bacteria;p__Bacillota;c__Bacilli;o__Lactobacillales;f__Lactobacillaceae;g__Lactobacillus;s__Lactobacillus mulieris
Lactobacillus_paragasseri	Bacteria	d__Bacteria;p__Bacillota;c__Bacilli;o__Lactobacillales;f__Lactobacillaceae;g__Lactobacillus;s__Lactobacillus paragasseri
Lactobacillus_sp910589175	Bacteria	d__Bacteria;p__Bacillota;c__Bacilli;o__Lactobacillales;f__Lactobacillaceae;g__Lactobacillus;s__Lactobacillus sp910589175
Lactococcus_cremoris	Bacteria	d__Bacteria;p__Bacillota;c__Bacilli;o__Lactobacillales;f__Streptococcaceae;g__Lactococcus;s__Lactococcus cremoris
Lactococcus_garvieae	Bacteria	d__Bacteria;p__Bacillota;c__Bacilli;o__Lactobacillales;f__Streptococcaceae;g__Lactococcus;s__Lactococcus garvieae
Lactococcus_lactis	Bacteria	d__Bacteria;p__Bacillota;c__Bacilli;o__Lactobacillales;f__Streptococcaceae;g__Lactococcus;s__Lactococcus lactis
Lancefieldella_parvula	Bacteria	d__Bacteria;p__Actinomycetota;c__Coriobacteriia;o__Coriobacteriales;f__Atopobiaceae;g__Lancefieldella;s__Lancefieldella parvula
Lancefieldella_rimae	Bacteria	d__Bacteria;p__Actinomycetota;c__Coriobacteriia;o__Coriobacteriales;f__Atopobiaceae;g__Lancefieldella;s__Lancefieldella rimae
Lancefieldella_sp000564995	Bacteria	d__Bacteria;p__Actinomycetota;c__Coriobacteriia;o__Coriobacteriales;f__Atopobiaceae;g__Lancefieldella;s__Lancefieldella sp000564995
Laribacter_hongkongensis	Bacteria	d__Bacteria;p__Pseudomonadota;c__Gammaproteobacteria;o__Burkholderiales;f__Aquaspirillaceae;g__Laribacter;s__Laribacter hongkongensis
Latilactobacillus_curvatus	Bacteria	d__Bacteria;p__Bacillota;c__Bacilli;o__Lactobacillales;f__Lactobacillaceae;g__Latilactobacillus;s__Latilactobacillus curvatus
Latilactobacillus_graminis	Bacteria	d__Bacteria;p__Bacillota;c__Bacilli;o__Lactobacillales;f__Lactobacillaceae;g__Latilactobacillus;s__Latilactobacillus graminis
Lawsonella_clevelandensis	Bacteria	d__Bacteria;p__Actinomycetota;c__Actinomycetes;o__Mycobacteriales;f__Mycobacteriaceae;g__Lawsonella;s__Lawsonella clevelandensis
Lawsonella_sp018376445	Bacteria	d__Bacteria;p__Actinomycetota;c__Actinomycetes;o__Mycobacteriales;f__Mycobacteriaceae;g__Lawsonella;s__Lawsonella sp018376445
Leptotrichia_buccalis	Bacteria	d__Bacteria;p__Fusobacteriota;c__Fusobacteriia;o__Fusobacteriales;f__Leptotrichiaceae;g__Leptotrichia;s__Leptotrichia buccalis
Leptotrichia_hofstadii	Bacteria	d__Bacteria;p__Fusobacteriota;c__Fusobacteriia;o__Fusobacteriales;f__Leptotrichiaceae;g__Leptotrichia;s__Leptotrichia hofstadii
Leptotrichia_hongkongensis	Bacteria	d__Bacteria;p__Fusobacteriota;c__Fusobacteriia;o__Fusobacteriales;f__Leptotrichiaceae;g__Leptotrichia;s__Leptotrichia hongkongensis
Leptotrichia_shahii	Bacteria	d__Bacteria;p__Fusobacteriota;c__Fusobacteriia;o__Fusobacteriales;f__Leptotrichiaceae;g__Leptotrichia;s__Leptotrichia shahii
Leptotrichia_sp001553645	Bacteria	d__Bacteria;p__Fusobacteriota;c__Fusobacteriia;o__Fusobacteriales;f__Leptotrichiaceae;g__Leptotrichia;s__Leptotrichia sp001553645
Leptotrichia_sp002240055	Bacteria	d__Bacteria;p__Fusobacteriota;c__Fusobacteriia;o__Fusobacteriales;f__Leptotrichiaceae;g__Leptotrichia;s__Leptotrichia sp002240055
Leptotrichia_trevisanii	Bacteria	d__Bacteria;p__Fusobacteriota;c__Fusobacteriia;o__Fusobacteriales;f__Leptotrichiaceae;g__Leptotrichia;s__Leptotrichia trevisanii
Leptotrichia_wadei	Bacteria	d__Bacteria;p__Fusobacteriota;c__Fusobacteriia;o__Fusobacteriales;f__Leptotrichiaceae;g__Leptotrichia;s__Leptotrichia wadei
Levilactobacillus_brevis	Bacteria	d__Bacteria;p__Bacillota;c__Bacilli;o__Lactobacillales;f__Lactobacillaceae;g__Levilactobacillus;s__Levilactobacillus brevis
Ligilactobacillus_acidipiscis	Bacteria	d__Bacteria;p__Bacillota;c__Bacilli;o__Lactobacillales;f__Lactobacillaceae;g__Ligilactobacillus;s__Ligilactobacillus acidipiscis
Ligilactobacillus_agilis	Bacteria	d__Bacteria;p__Bacillota;c__Bacilli;o__Lactobacillales;f__Lactobacillaceae;g__Ligilactobacillus;s__Ligilactobacillus agilis
Ligilactobacillus_ruminis	Bacteria	d__Bacteria;p__Bacillota;c__Bacilli;o__Lactobacillales;f__Lactobacillaceae;g__Ligilactobacillus;s__Ligilactobacillus ruminis
Ligilactobacillus_salivarius	Bacteria	d__Bacteria;p__Bacillota;c__Bacilli;o__Lactobacillales;f__Lactobacillaceae;g__Ligilactobacillus;s__Ligilactobacillus salivarius
Limosilactobacillus_caviae	Bacteria	d__Bacteria;p__Bacillota;c__Bacilli;o__Lactobacillales;f__Lactobacillaceae;g__Limosilactobacillus;s__Limosilactobacillus caviae
Limosilactobacillus_excrementigallinarum	Bacteria	d__Bacteria;p__Bacillota;c__Bacilli;o__Lactobacillales;f__Lactobacillaceae;g__Limosilactobacillus;s__Limosilactobacillus excrementigallinarum
Limosilactobacillus_fermentum	Bacteria	d__Bacteria;p__Bacillota;c__Bacilli;o__Lactobacillales;f__Lactobacillaceae;g__Limosilactobacillus;s__Limosilactobacillus fermentum
Limosilactobacillus_mucosae	Bacteria	d__Bacteria;p__Bacillota;c__Bacilli;o__Lactobacillales;f__Lactobacillaceae;g__Limosilactobacillus;s__Limosilactobacillus mucosae
Limosilactobacillus_oris	Bacteria	d__Bacteria;p__Bacillota;c__Bacilli;o__Lactobacillales;f__Lactobacillaceae;g__Limosilactobacillus;s__Limosilactobacillus oris
Limosilactobacillus_portuensis	Bacteria	d__Bacteria;p__Bacillota;c__Bacilli;o__Lactobacillales;f__Lactobacillaceae;g__Limosilactobacillus;s__Limosilactobacillus portuensis
Limosilactobacillus_reuteri	Bacteria	d__Bacteria;p__Bacillota;c__Bacilli;o__Lactobacillales;f__Lactobacillaceae;g__Limosilactobacillus;s__Limosilactobacillus reuteri
Limosilactobacillus_urinaemulieris	Bacteria	d__Bacteria;p__Bacillota;c__Bacilli;o__Lactobacillales;f__Lactobacillaceae;g__Limosilactobacillus;s__Limosilactobacillus urinaemulieris
Limosilactobacillus_vaginalis	Bacteria	d__Bacteria;p__Bacillota;c__Bacilli;o__Lactobacillales;f__Lactobacillaceae;g__Limosilactobacillus;s__Limosilactobacillus vaginalis
Liquorilactobacillus_hordei	Bacteria	d__Bacteria;p__Bacillota;c__Bacilli;o__Lactobacillales;f__Lactobacillaceae;g__Liquorilactobacillus;s__Liquorilactobacillus hordei
Listeria_monocytogenes	Bacteria	d__Bacteria;p__Bacillota;c__Bacilli;o__Lactobacillales;f__Listeriaceae;g__Listeria;s__Listeria monocytogenes
Mageeibacillus_indolicus	Bacteria	d__Bacteria;p__Bacillota_A;c__Clostridia;o__Saccharofermentanales;f__Fastidiosipilaceae;g__Mageeibacillus;s__Mageeibacillus indolicus
Malacoplasma_iowae	Bacteria	d__Bacteria;p__Bacillota_I;c__Bacilli_A;o__Mycoplasmatales;f__Mycoplasmoidaceae;g__Malacoplasma;s__Malacoplasma iowae
Megamonas_funiformis	Bacteria	d__Bacteria;p__Bacillota_C;c__Negativicutes;o__Selenomonadales;f__Selenomonadaceae;g__Megamonas;s__Megamonas funiformis
Megamonas_hypermegale	Bacteria	d__Bacteria;p__Bacillota_C;c__Negativicutes;o__Selenomonadales;f__Selenomonadaceae;g__Megamonas;s__Megamonas hypermegale
Megasphaera_elsdenii	Bacteria	d__Bacteria;p__Bacillota_C;c__Negativicutes;o__Veillonellales;f__Megasphaeraceae;g__Megasphaera;s__Megasphaera elsdenii
Megasphaera_stantonii	Bacteria	d__Bacteria;p__Bacillota_C;c__Negativicutes;o__Veillonellales;f__Megasphaeraceae;g__Megasphaera;s__Megasphaera stantonii
Mesosutterella_massiliensis	Bacteria	d__Bacteria;p__Pseudomonadota;c__Gammaproteobacteria;o__Burkholderiales;f__Burkholderiaceae;g__Mesosutterella;s__Mesosutterella massiliensis
Metamycoplasma_hominis	Bacteria	d__Bacteria;p__Bacillota_I;c__Bacilli_A;o__Mycoplasmatales;f__Metamycoplasmataceae;g__Metamycoplasma;s__Metamycoplasma hominis
Mobiluncus_curtisii	Bacteria	d__Bacteria;p__Actinomycetota;c__Actinomycetes;o__Actinomycetales;f__Actinomycetaceae;g__Mobiluncus;s__Mobiluncus curtisii
Mobiluncus_mulieris	Bacteria	d__Bacteria;p__Actinomycetota;c__Actinomycetes;o__Actinomycetales;f__Actinomycetaceae;g__Mobiluncus;s__Mobiluncus mulieris
Mogibacterium_diversum	Bacteria	d__Bacteria;p__Bacillota_A;c__Clostridia;o__Peptostreptococcales;f__Anaerovoracaceae;g__Mogibacterium;s__Mogibacterium diversum
Mogibacterium_pumilum	Bacteria	d__Bacteria;p__Bacillota_A;c__Clostridia;o__Peptostreptococcales;f__Anaerovoracaceae;g__Mogibacterium;s__Mogibacterium pumilum
Murdochiella_vaginalis	Bacteria	d__Bacteria;p__Bacillota_A;c__Clostridia;o__Tissierellales;f__Peptoniphilaceae;g__Murdochiella;s__Murdochiella vaginalis
Muribaculum_intestinale	Bacteria	d__Bacteria;p__Bacteroidota;c__Bacteroidia;o__Bacteroidales;f__Muribaculaceae;g__Muribaculum;s__Muribaculum intestinale
Mycobacterium_avium	Bacteria	d__Bacteria;p__Actinomycetota;c__Actinomycetes;o__Mycobacteriales;f__Mycobacteriaceae;g__Mycobacterium;s__Mycobacterium avium
Mycobacterium_colombiense	Bacteria	d__Bacteria;p__Actinomycetota;c__Actinomycetes;o__Mycobacteriales;f__Mycobacteriaceae;g__Mycobacterium;s__Mycobacterium colombiense
Mycobacterium_grossiae	Bacteria	d__Bacteria;p__Actinomycetota;c__Actinomycetes;o__Mycobacteriales;f__Mycobacteriaceae;g__Mycobacterium;s__Mycobacterium grossiae
Mycobacterium_marinum	Bacteria	d__Bacteria;p__Actinomycetota;c__Actinomycetes;o__Mycobacteriales;f__Mycobacteriaceae;g__Mycobacterium;s__Mycobacterium marinum
Mycobacterium_monacense	Bacteria	d__Bacteria;p__Actinomycetota;c__Actinomycetes;o__Mycobacteriales;f__Mycobacteriaceae;g__Mycobacterium;s__Mycobacterium monacense
Mycobacterium_shigaense	Bacteria	d__Bacteria;p__Actinomycetota;c__Actinomycetes;o__Mycobacteriales;f__Mycobacteriaceae;g__Mycobacterium;s__Mycobacterium shigaense
Mycobacterium_sp001984215	Bacteria	d__Bacteria;p__Actinomycetota;c__Actinomycetes;o__Mycobacteriales;f__Mycobacteriaceae;g__Mycobacterium;s__Mycobacterium sp001984215
Mycobacterium_tuberculosis	Bacteria	d__Bacteria;p__Actinomycetota;c__Actinomycetes;o__Mycobacteriales;f__Mycobacteriaceae;g__Mycobacterium;s__Mycobacterium tuberculosis
Mycoplasma_capri	Bacteria	d__Bacteria;p__Bacillota_I;c__Bacilli_A;o__Mycoplasmatales;f__Mycoplasmataceae;g__Mycoplasma;s__Mycoplasma capri
Mycoplasma_capricolum	Bacteria	d__Bacteria;p__Bacillota_I;c__Bacilli_A;o__Mycoplasmatales;f__Mycoplasmataceae;g__Mycoplasma;s__Mycoplasma capricolum
Mycoplasmopsis_californica	Bacteria	d__Bacteria;p__Bacillota_I;c__Bacilli_A;o__Mycoplasmatales;f__Metamycoplasmataceae;g__Mycoplasmopsis;s__Mycoplasmopsis californica
Mycoplasmopsis_columbina	Bacteria	d__Bacteria;p__Bacillota_I;c__Bacilli_A;o__Mycoplasmatales;f__Metamycoplasmataceae;g__Mycoplasmopsis;s__Mycoplasmopsis columbina
Mycoplasmopsis_maculosa	Bacteria	d__Bacteria;p__Bacillota_I;c__Bacilli_A;o__Mycoplasmatales;f__Metamycoplasmataceae;g__Mycoplasmopsis;s__Mycoplasmopsis maculosa
Nanoperiomorbus_sp004136275	Bacteria	d__Bacteria;p__Patescibacteria;c__Saccharimonadia;o__Saccharimonadales;f__Nanoperiomorbaceae;g__Nanoperiomorbus;s__Nanoperiomorbus sp004136275
Ndongobacter_massiliensis	Bacteria	d__Bacteria;p__Bacillota_A;c__Clostridia;o__Tissierellales;f__Peptoniphilaceae;g__Ndongobacter;s__Ndongobacter massiliensis
Negativicoccus_massiliensis	Bacteria	d__Bacteria;p__Bacillota_C;c__Negativicutes;o__Veillonellales;f__Negativicoccaceae;g__Negativicoccus;s__Negativicoccus massiliensis
Neisseria_gonorrhoeae	Bacteria	d__Bacteria;p__Pseudomonadota;c__Gammaproteobacteria;o__Burkholderiales;f__Neisseriaceae;g__Neisseria;s__Neisseria gonorrhoeae
Neisseria_polysaccharea	Bacteria	d__Bacteria;p__Pseudomonadota;c__Gammaproteobacteria;o__Burkholderiales;f__Neisseriaceae;g__Neisseria;s__Neisseria polysaccharea
Neisseria_sp002237445	Bacteria	d__Bacteria;p__Pseudomonadota;c__Gammaproteobacteria;o__Burkholderiales;f__Neisseriaceae;g__Neisseria;s__Neisseria sp002237445
Nosocomiicoccus_ampullae_A	Bacteria	d__Bacteria;p__Bacillota;c__Bacilli;o__Staphylococcales;f__Salinicoccaceae;g__Nosocomiicoccus;s__Nosocomiicoccus ampullae_A
Odoribacter_splanchnicus	Bacteria	d__Bacteria;p__Bacteroidota;c__Bacteroidia;o__Bacteroidales;f__Marinifilaceae;g__Odoribacter;s__Odoribacter splanchnicus
Olegusella_massiliensis	Bacteria	d__Bacteria;p__Actinomycetota;c__Coriobacteriia;o__Coriobacteriales;f__Atopobiaceae;g__Olegusella;s__Olegusella massiliensis
Oligella_urethralis	Bacteria	d__Bacteria;p__Pseudomonadota;c__Gammaproteobacteria;o__Burkholderiales;f__Burkholderiaceae;g__Oligella;s__Oligella urethralis
Olsenella_uli	Bacteria	d__Bacteria;p__Actinomycetota;c__Coriobacteriia;o__Coriobacteriales;f__Atopobiaceae;g__Olsenella;s__Olsenella uli
Orrella_dioscoreae	Bacteria	d__Bacteria;p__Pseudomonadota;c__Gammaproteobacteria;o__Burkholderiales;f__Burkholderiaceae;g__Orrella;s__Orrella dioscoreae
Pandoraea_faecigallinarum	Bacteria	d__Bacteria;p__Pseudomonadota;c__Gammaproteobacteria;o__Burkholderiales;f__Burkholderiaceae;g__Pandoraea;s__Pandoraea faecigallinarum
Pandoraea_sputorum	Bacteria	d__Bacteria;p__Pseudomonadota;c__Gammaproteobacteria;o__Burkholderiales;f__Burkholderiaceae;g__Pandoraea;s__Pandoraea sputorum
Paraprevotella_xylaniphila	Bacteria	d__Bacteria;p__Bacteroidota;c__Bacteroidia;o__Bacteroidales;f__Bacteroidaceae;g__Paraprevotella;s__Paraprevotella xylaniphila
Paratractidigestivibacter_faecalis	Bacteria	d__Bacteria;p__Actinomycetota;c__Coriobacteriia;o__Coriobacteriales;f__Atopobiaceae;g__Paratractidigestivibacter;s__Paratractidigestivibacter faecalis
Parvimonas_micra	Bacteria	d__Bacteria;p__Bacillota_A;c__Clostridia;o__Tissierellales;f__Peptoniphilaceae;g__Parvimonas;s__Parvimonas micra
Parvimonas_sp001552895	Bacteria	d__Bacteria;p__Bacillota_A;c__Clostridia;o__Tissierellales;f__Peptoniphilaceae;g__Parvimonas;s__Parvimonas sp001552895
Parvimonas_sp015257355	Bacteria	d__Bacteria;p__Bacillota_A;c__Clostridia;o__Tissierellales;f__Peptoniphilaceae;g__Parvimonas;s__Parvimonas sp015257355
Pediococcus_acidilactici	Bacteria	d__Bacteria;p__Bacillota;c__Bacilli;o__Lactobacillales;f__Lactobacillaceae;g__Pediococcus;s__Pediococcus acidilactici
Pediococcus_claussenii	Bacteria	d__Bacteria;p__Bacillota;c__Bacilli;o__Lactobacillales;f__Lactobacillaceae;g__Pediococcus;s__Pediococcus claussenii
Pediococcus_damnosus	Bacteria	d__Bacteria;p__Bacillota;c__Bacilli;o__Lactobacillales;f__Lactobacillaceae;g__Pediococcus;s__Pediococcus damnosus
Pediococcus_inopinatus	Bacteria	d__Bacteria;p__Bacillota;c__Bacilli;o__Lactobacillales;f__Lactobacillaceae;g__Pediococcus;s__Pediococcus inopinatus
Pediococcus_pentosaceus	Bacteria	d__Bacteria;p__Bacillota;c__Bacilli;o__Lactobacillales;f__Lactobacillaceae;g__Pediococcus;s__Pediococcus pentosaceus
Peptococcus_niger	Bacteria	d__Bacteria;p__Bacillota_B;c__Peptococcia;o__Peptococcales;f__Peptococcaceae;g__Peptococcus;s__Peptococcus niger
Peptoniphilus_asaccharolyticus	Bacteria	d__Bacteria;p__Bacillota_A;c__Clostridia;o__Tissierellales;f__Peptoniphilaceae;g__Peptoniphilus;s__Peptoniphilus asaccharolyticus
Peptostreptococcus_anaerobius	Bacteria	d__Bacteria;p__Bacillota_A;c__Clostridia;o__Peptostreptococcales;f__Peptostreptococcaceae;g__Peptostreptococcus;s__Peptostreptococcus anaerobius
Peptostreptococcus_sp000758885	Bacteria	d__Bacteria;p__Bacillota_A;c__Clostridia;o__Peptostreptococcales;f__Peptostreptococcaceae;g__Peptostreptococcus;s__Peptostreptococcus sp000758885
Petrimonas_mucosa	Bacteria	d__Bacteria;p__Bacteroidota;c__Bacteroidia;o__Bacteroidales;f__Dysgonomonadaceae;g__Petrimonas;s__Petrimonas mucosa
Porcincola_sp902800805	Bacteria	d__Bacteria;p__Bacillota_A;c__Clostridia;o__Lachnospirales;f__Lachnospiraceae;g__Porcincola;s__Porcincola sp902800805
Porphyromonas_asaccharolytica	Bacteria	d__Bacteria;p__Bacteroidota;c__Bacteroidia;o__Bacteroidales;f__Porphyromonadaceae;g__Porphyromonas;s__Porphyromonas asaccharolytica
Porphyromonas_crevioricanis	Bacteria	d__Bacteria;p__Bacteroidota;c__Bacteroidia;o__Bacteroidales;f__Porphyromonadaceae;g__Porphyromonas;s__Porphyromonas crevioricanis
Porphyromonas_gingivalis	Bacteria	d__Bacteria;p__Bacteroidota;c__Bacteroidia;o__Bacteroidales;f__Porphyromonadaceae;g__Porphyromonas;s__Porphyromonas gingivalis
Porphyromonas_pasteri	Bacteria	d__Bacteria;p__Bacteroidota;c__Bacteroidia;o__Bacteroidales;f__Porphyromonadaceae;g__Porphyromonas;s__Porphyromonas pasteri
Porphyromonas_sp001552775	Bacteria	d__Bacteria;p__Bacteroidota;c__Bacteroidia;o__Bacteroidales;f__Porphyromonadaceae;g__Porphyromonas;s__Porphyromonas sp001552775
Porphyromonas_sp900548415	Bacteria	d__Bacteria;p__Bacteroidota;c__Bacteroidia;o__Bacteroidales;f__Porphyromonadaceae;g__Porphyromonas;s__Porphyromonas sp900548415
Porphyromonas_uenonis	Bacteria	d__Bacteria;p__Bacteroidota;c__Bacteroidia;o__Bacteroidales;f__Porphyromonadaceae;g__Porphyromonas;s__Porphyromonas uenonis
Prevotella_amnii	Bacteria	d__Bacteria;p__Bacteroidota;c__Bacteroidia;o__Bacteroidales;f__Bacteroidaceae;g__Prevotella;s__Prevotella amnii
Prevotella_bergensis	Bacteria	d__Bacteria;p__Bacteroidota;c__Bacteroidia;o__Bacteroidales;f__Bacteroidaceae;g__Prevotella;s__Prevotella bergensis
Prevotella_bivia	Bacteria	d__Bacteria;p__Bacteroidota;c__Bacteroidia;o__Bacteroidales;f__Bacteroidaceae;g__Prevotella;s__Prevotella bivia
Prevotella_brunnea	Bacteria	d__Bacteria;p__Bacteroidota;c__Bacteroidia;o__Bacteroidales;f__Bacteroidaceae;g__Prevotella;s__Prevotella brunnea
Prevotella_buccalis	Bacteria	d__Bacteria;p__Bacteroidota;c__Bacteroidia;o__Bacteroidales;f__Bacteroidaceae;g__Prevotella;s__Prevotella buccalis
Prevotella_colorans	Bacteria	d__Bacteria;p__Bacteroidota;c__Bacteroidia;o__Bacteroidales;f__Bacteroidaceae;g__Prevotella;s__Prevotella colorans
Prevotella_copri	Bacteria	d__Bacteria;p__Bacteroidota;c__Bacteroidia;o__Bacteroidales;f__Bacteroidaceae;g__Prevotella;s__Prevotella copri
Prevotella_corporis	Bacteria	d__Bacteria;p__Bacteroidota;c__Bacteroidia;o__Bacteroidales;f__Bacteroidaceae;g__Prevotella;s__Prevotella corporis
Prevotella_denticola	Bacteria	d__Bacteria;p__Bacteroidota;c__Bacteroidia;o__Bacteroidales;f__Bacteroidaceae;g__Prevotella;s__Prevotella denticola
Prevotella_disiens	Bacteria	d__Bacteria;p__Bacteroidota;c__Bacteroidia;o__Bacteroidales;f__Bacteroidaceae;g__Prevotella;s__Prevotella disiens
Prevotella_enoeca	Bacteria	d__Bacteria;p__Bacteroidota;c__Bacteroidia;o__Bacteroidales;f__Bacteroidaceae;g__Prevotella;s__Prevotella enoeca
Prevotella_fusca	Bacteria	d__Bacteria;p__Bacteroidota;c__Bacteroidia;o__Bacteroidales;f__Bacteroidaceae;g__Prevotella;s__Prevotella fusca
Prevotella_ihumii	Bacteria	d__Bacteria;p__Bacteroidota;c__Bacteroidia;o__Bacteroidales;f__Bacteroidaceae;g__Prevotella;s__Prevotella ihumii
Prevotella_intermedia	Bacteria	d__Bacteria;p__Bacteroidota;c__Bacteroidia;o__Bacteroidales;f__Bacteroidaceae;g__Prevotella;s__Prevotella intermedia
Prevotella_jejuni	Bacteria	d__Bacteria;p__Bacteroidota;c__Bacteroidia;o__Bacteroidales;f__Bacteroidaceae;g__Prevotella;s__Prevotella jejuni
Prevotella_loescheii	Bacteria	d__Bacteria;p__Bacteroidota;c__Bacteroidia;o__Bacteroidales;f__Bacteroidaceae;g__Prevotella;s__Prevotella loescheii
Prevotella_melaninogenica	Bacteria	d__Bacteria;p__Bacteroidota;c__Bacteroidia;o__Bacteroidales;f__Bacteroidaceae;g__Prevotella;s__Prevotella melaninogenica
Prevotella_oris	Bacteria	d__Bacteria;p__Bacteroidota;c__Bacteroidia;o__Bacteroidales;f__Bacteroidaceae;g__Prevotella;s__Prevotella oris
Prevotella_ruminicola	Bacteria	d__Bacteria;p__Bacteroidota;c__Bacteroidia;o__Bacteroidales;f__Bacteroidaceae;g__Prevotella;s__Prevotella ruminicola
Prevotella_scopos	Bacteria	d__Bacteria;p__Bacteroidota;c__Bacteroidia;o__Bacteroidales;f__Bacteroidaceae;g__Prevotella;s__Prevotella scopos
Prevotella_seregens	Bacteria	d__Bacteria;p__Bacteroidota;c__Bacteroidia;o__Bacteroidales;f__Bacteroidaceae;g__Prevotella;s__Prevotella seregens
Prevotella_sp000163055	Bacteria	d__Bacteria;p__Bacteroidota;c__Bacteroidia;o__Bacteroidales;f__Bacteroidaceae;g__Prevotella;s__Prevotella sp000163055
Prevotella_sp000467895	Bacteria	d__Bacteria;p__Bacteroidota;c__Bacteroidia;o__Bacteroidales;f__Bacteroidaceae;g__Prevotella;s__Prevotella sp000467895
Prevotella_sp000479005	Bacteria	d__Bacteria;p__Bacteroidota;c__Bacteroidia;o__Bacteroidales;f__Bacteroidaceae;g__Prevotella;s__Prevotella sp000479005
Prevotella_sp000758925	Bacteria	d__Bacteria;p__Bacteroidota;c__Bacteroidia;o__Bacteroidales;f__Bacteroidaceae;g__Prevotella;s__Prevotella sp000758925
Prevotella_sp001552765	Bacteria	d__Bacteria;p__Bacteroidota;c__Bacteroidia;o__Bacteroidales;f__Bacteroidaceae;g__Prevotella;s__Prevotella sp001552765
Prevotella_sp001553265	Bacteria	d__Bacteria;p__Bacteroidota;c__Bacteroidia;o__Bacteroidales;f__Bacteroidaceae;g__Prevotella;s__Prevotella sp001553265
Prevotella_sp900109055	Bacteria	d__Bacteria;p__Bacteroidota;c__Bacteroidia;o__Bacteroidales;f__Bacteroidaceae;g__Prevotella;s__Prevotella sp900109055
Prevotella_sp900313215	Bacteria	d__Bacteria;p__Bacteroidota;c__Bacteroidia;o__Bacteroidales;f__Bacteroidaceae;g__Prevotella;s__Prevotella sp900313215
Prevotella_sp900548585	Bacteria	d__Bacteria;p__Bacteroidota;c__Bacteroidia;o__Bacteroidales;f__Bacteroidaceae;g__Prevotella;s__Prevotella sp900548585
Prevotella_timonensis	Bacteria	d__Bacteria;p__Bacteroidota;c__Bacteroidia;o__Bacteroidales;f__Bacteroidaceae;g__Prevotella;s__Prevotella timonensis
Prevotella_veroralis	Bacteria	d__Bacteria;p__Bacteroidota;c__Bacteroidia;o__Bacteroidales;f__Bacteroidaceae;g__Prevotella;s__Prevotella veroralis
Propionibacterium_acidifaciens	Bacteria	d__Bacteria;p__Actinomycetota;c__Actinomycetes;o__Propionibacteriales;f__Propionibacteriaceae;g__Propionibacterium;s__Propionibacterium acidifaciens
Propionibacterium_australiense	Bacteria	d__Bacteria;p__Actinomycetota;c__Actinomycetes;o__Propionibacteriales;f__Propionibacteriaceae;g__Propionibacterium;s__Propionibacterium australiense
Propionibacterium_freudenreichii	Bacteria	d__Bacteria;p__Actinomycetota;c__Actinomycetes;o__Propionibacteriales;f__Propionibacteriaceae;g__Propionibacterium;s__Propionibacterium freudenreichii
Propionimicrobium_lymphophilum	Bacteria	d__Bacteria;p__Actinomycetota;c__Actinomycetes;o__Propionibacteriales;f__Propionibacteriaceae;g__Propionimicrobium;s__Propionimicrobium lymphophilum
Pseudoglutamicibacter_albus	Bacteria	d__Bacteria;p__Actinomycetota;c__Actinomycetes;o__Actinomycetales;f__Micrococcaceae;g__Pseudoglutamicibacter;s__Pseudoglutamicibacter albus
Pseudoglutamicibacter_cumminsii	Bacteria	d__Bacteria;p__Actinomycetota;c__Actinomycetes;o__Actinomycetales;f__Micrococcaceae;g__Pseudoglutamicibacter;s__Pseudoglutamicibacter cumminsii
Roseburia_intestinalis	Bacteria	d__Bacteria;p__Bacillota_A;c__Clostridia;o__Lachnospirales;f__Lachnospiraceae;g__Roseburia;s__Roseburia intestinalis
Rothia_aeria	Bacteria	d__Bacteria;p__Actinomycetota;c__Actinomycetes;o__Actinomycetales;f__Micrococcaceae;g__Rothia;s__Rothia aeria
Rothia_mucilaginosa	Bacteria	d__Bacteria;p__Actinomycetota;c__Actinomycetes;o__Actinomycetales;f__Micrococcaceae;g__Rothia;s__Rothia mucilaginosa
Rothia_sp001808955	Bacteria	d__Bacteria;p__Actinomycetota;c__Actinomycetes;o__Actinomycetales;f__Micrococcaceae;g__Rothia;s__Rothia sp001808955
Rothia_sp902373285	Bacteria	d__Bacteria;p__Actinomycetota;c__Actinomycetes;o__Actinomycetales;f__Micrococcaceae;g__Rothia;s__Rothia sp902373285
RUG841_sp900313795	Bacteria	d__Bacteria;p__Cyanobacteriota;c__Vampirovibrionia;o__Gastranaerophilales;f__Gastranaerophilaceae;g__RUG841;s__RUG841 sp900313795
Ruthenibacterium_lactatiformans	Bacteria	d__Bacteria;p__Bacillota_A;c__Clostridia;o__Oscillospirales;f__Ruminococcaceae;g__Ruthenibacterium;s__Ruthenibacterium lactatiformans
S5-A14a_sp000758905	Bacteria	d__Bacteria;p__Bacillota_A;c__Clostridia;o__Peptostreptococcales;f__Anaerovoracaceae;g__S5-A14a;s__S5-A14a sp000758905
Salmonella_enterica	Bacteria	d__Bacteria;p__Pseudomonadota;c__Gammaproteobacteria;o__Enterobacterales;f__Enterobacteriaceae;g__Salmonella;s__Salmonella enterica
Scardovia_inopinata	Bacteria	d__Bacteria;p__Actinomycetota;c__Actinomycetes;o__Actinomycetales;f__Bifidobacteriaceae;g__Scardovia;s__Scardovia inopinata
Scardovia_wiggsiae	Bacteria	d__Bacteria;p__Actinomycetota;c__Actinomycetes;o__Actinomycetales;f__Bifidobacteriaceae;g__Scardovia;s__Scardovia wiggsiae
Schleiferilactobacillus_harbinensis	Bacteria	d__Bacteria;p__Bacillota;c__Bacilli;o__Lactobacillales;f__Lactobacillaceae;g__Schleiferilactobacillus;s__Schleiferilactobacillus harbinensis
Secundilactobacillus_malefermentans	Bacteria	d__Bacteria;p__Bacillota;c__Bacilli;o__Lactobacillales;f__Lactobacillaceae;g__Secundilactobacillus;s__Secundilactobacillus malefermentans
Secundilactobacillus_paracollinoides	Bacteria	d__Bacteria;p__Bacillota;c__Bacilli;o__Lactobacillales;f__Lactobacillaceae;g__Secundilactobacillus;s__Secundilactobacillus paracollinoides
Selenomonas_sputigena	Bacteria	d__Bacteria;p__Bacillota_C;c__Negativicutes;o__Selenomonadales;f__Selenomonadaceae;g__Selenomonas;s__Selenomonas sputigena
SFGY01_sp004556455	Bacteria	d__Bacteria;p__Bacillota_A;c__Clostridia;o__Saccharofermentanales;f__DTU023;g__SFGY01;s__SFGY01 sp004556455
Slackia_exigua	Bacteria	d__Bacteria;p__Actinomycetota;c__Coriobacteriia;o__Coriobacteriales;f__Eggerthellaceae;g__Slackia;s__Slackia exigua
Slackia_heliotrinireducens	Bacteria	d__Bacteria;p__Actinomycetota;c__Coriobacteriia;o__Coriobacteriales;f__Eggerthellaceae;g__Slackia;s__Slackia heliotrinireducens
Sneathia_sanguinegens	Bacteria	d__Bacteria;p__Fusobacteriota;c__Fusobacteriia;o__Fusobacteriales;f__Leptotrichiaceae;g__Sneathia;s__Sneathia sanguinegens
Sneathia_vaginalis	Bacteria	d__Bacteria;p__Fusobacteriota;c__Fusobacteriia;o__Fusobacteriales;f__Leptotrichiaceae;g__Sneathia;s__Sneathia vaginalis
Staphylococcus_aureus	Bacteria	d__Bacteria;p__Bacillota;c__Bacilli;o__Staphylococcales;f__Staphylococcaceae;g__Staphylococcus;s__Staphylococcus aureus
Staphylococcus_epidermidis	Bacteria	d__Bacteria;p__Bacillota;c__Bacilli;o__Staphylococcales;f__Staphylococcaceae;g__Staphylococcus;s__Staphylococcus epidermidis
Staphylococcus_haemolyticus	Bacteria	d__Bacteria;p__Bacillota;c__Bacilli;o__Staphylococcales;f__Staphylococcaceae;g__Staphylococcus;s__Staphylococcus haemolyticus
Staphylococcus_hominis	Bacteria	d__Bacteria;p__Bacillota;c__Bacilli;o__Staphylococcales;f__Staphylococcaceae;g__Staphylococcus;s__Staphylococcus hominis
Staphylococcus_lugdunensis	Bacteria	d__Bacteria;p__Bacillota;c__Bacilli;o__Staphylococcales;f__Staphylococcaceae;g__Staphylococcus;s__Staphylococcus lugdunensis
Staphylococcus_pasteuri	Bacteria	d__Bacteria;p__Bacillota;c__Bacilli;o__Staphylococcales;f__Staphylococcaceae;g__Staphylococcus;s__Staphylococcus pasteuri
Staphylococcus_pseudintermedius	Bacteria	d__Bacteria;p__Bacillota;c__Bacilli;o__Staphylococcales;f__Staphylococcaceae;g__Staphylococcus;s__Staphylococcus pseudintermedius
Staphylococcus_simiae	Bacteria	d__Bacteria;p__Bacillota;c__Bacilli;o__Staphylococcales;f__Staphylococcaceae;g__Staphylococcus;s__Staphylococcus simiae
Staphylococcus_simulans	Bacteria	d__Bacteria;p__Bacillota;c__Bacilli;o__Staphylococcales;f__Staphylococcaceae;g__Staphylococcus;s__Staphylococcus simulans
Staphylococcus_warneri	Bacteria	d__Bacteria;p__Bacillota;c__Bacilli;o__Staphylococcales;f__Staphylococcaceae;g__Staphylococcus;s__Staphylococcus warneri
Staphylococcus_xylosus	Bacteria	d__Bacteria;p__Bacillota;c__Bacilli;o__Staphylococcales;f__Staphylococcaceae;g__Staphylococcus;s__Staphylococcus xylosus
Streptobacillus_moniliformis	Bacteria	d__Bacteria;p__Fusobacteriota;c__Fusobacteriia;o__Fusobacteriales;f__Leptotrichiaceae;g__Streptobacillus;s__Streptobacillus moniliformis
Streptococcus_agalactiae	Bacteria	d__Bacteria;p__Bacillota;c__Bacilli;o__Lactobacillales;f__Streptococcaceae;g__Streptococcus;s__Streptococcus agalactiae
Streptococcus_anginosus	Bacteria	d__Bacteria;p__Bacillota;c__Bacilli;o__Lactobacillales;f__Streptococcaceae;g__Streptococcus;s__Streptococcus anginosus
Streptococcus_canis	Bacteria	d__Bacteria;p__Bacillota;c__Bacilli;o__Lactobacillales;f__Streptococcaceae;g__Streptococcus;s__Streptococcus canis
Streptococcus_constellatus	Bacteria	d__Bacteria;p__Bacillota;c__Bacilli;o__Lactobacillales;f__Streptococcaceae;g__Streptococcus;s__Streptococcus constellatus
Streptococcus_cristatus	Bacteria	d__Bacteria;p__Bacillota;c__Bacilli;o__Lactobacillales;f__Streptococcaceae;g__Streptococcus;s__Streptococcus cristatus
Streptococcus_dysgalactiae	Bacteria	d__Bacteria;p__Bacillota;c__Bacilli;o__Lactobacillales;f__Streptococcaceae;g__Streptococcus;s__Streptococcus dysgalactiae
Streptococcus_equi	Bacteria	d__Bacteria;p__Bacillota;c__Bacilli;o__Lactobacillales;f__Streptococcaceae;g__Streptococcus;s__Streptococcus equi
Streptococcus_equinus	Bacteria	d__Bacteria;p__Bacillota;c__Bacilli;o__Lactobacillales;f__Streptococcaceae;g__Streptococcus;s__Streptococcus equinus
Streptococcus_gallolyticus	Bacteria	d__Bacteria;p__Bacillota;c__Bacilli;o__Lactobacillales;f__Streptococcaceae;g__Streptococcus;s__Streptococcus gallolyticus
Streptococcus_gordonii	Bacteria	d__Bacteria;p__Bacillota;c__Bacilli;o__Lactobacillales;f__Streptococcaceae;g__Streptococcus;s__Streptococcus gordonii
Streptococcus_halichoeri	Bacteria	d__Bacteria;p__Bacillota;c__Bacilli;o__Lactobacillales;f__Streptococcaceae;g__Streptococcus;s__Streptococcus halichoeri
Streptococcus_hyovaginalis	Bacteria	d__Bacteria;p__Bacillota;c__Bacilli;o__Lactobacillales;f__Streptococcaceae;g__Streptococcus;s__Streptococcus hyovaginalis
Streptococcus_intermedius	Bacteria	d__Bacteria;p__Bacillota;c__Bacilli;o__Lactobacillales;f__Streptococcaceae;g__Streptococcus;s__Streptococcus intermedius
Streptococcus_lutetiensis	Bacteria	d__Bacteria;p__Bacillota;c__Bacilli;o__Lactobacillales;f__Streptococcaceae;g__Streptococcus;s__Streptococcus lutetiensis
Streptococcus_macedonicus	Bacteria	d__Bacteria;p__Bacillota;c__Bacilli;o__Lactobacillales;f__Streptococcaceae;g__Streptococcus;s__Streptococcus macedonicus
Streptococcus_marmotae	Bacteria	d__Bacteria;p__Bacillota;c__Bacilli;o__Lactobacillales;f__Streptococcaceae;g__Streptococcus;s__Streptococcus marmotae
Streptococcus_merionis	Bacteria	d__Bacteria;p__Bacillota;c__Bacilli;o__Lactobacillales;f__Streptococcaceae;g__Streptococcus;s__Streptococcus merionis
Streptococcus_mitis	Bacteria	d__Bacteria;p__Bacillota;c__Bacilli;o__Lactobacillales;f__Streptococcaceae;g__Streptococcus;s__Streptococcus mitis
Streptococcus_mutans	Bacteria	d__Bacteria;p__Bacillota;c__Bacilli;o__Lactobacillales;f__Streptococcaceae;g__Streptococcus;s__Streptococcus mutans
Streptococcus_oralis	Bacteria	d__Bacteria;p__Bacillota;c__Bacilli;o__Lactobacillales;f__Streptococcaceae;g__Streptococcus;s__Streptococcus oralis
Streptococcus_parasanguinis	Bacteria	d__Bacteria;p__Bacillota;c__Bacilli;o__Lactobacillales;f__Streptococcaceae;g__Streptococcus;s__Streptococcus parasanguinis
Streptococcus_parauberis	Bacteria	d__Bacteria;p__Bacillota;c__Bacilli;o__Lactobacillales;f__Streptococcaceae;g__Streptococcus;s__Streptococcus parauberis
Streptococcus_pasteurianus	Bacteria	d__Bacteria;p__Bacillota;c__Bacilli;o__Lactobacillales;f__Streptococcaceae;g__Streptococcus;s__Streptococcus pasteurianus
Streptococcus_pluranimalium	Bacteria	d__Bacteria;p__Bacillota;c__Bacilli;o__Lactobacillales;f__Streptococcaceae;g__Streptococcus;s__Streptococcus pluranimalium
Streptococcus_pneumoniae	Bacteria	d__Bacteria;p__Bacillota;c__Bacilli;o__Lactobacillales;f__Streptococcaceae;g__Streptococcus;s__Streptococcus pneumoniae
Streptococcus_porcinus	Bacteria	d__Bacteria;p__Bacillota;c__Bacilli;o__Lactobacillales;f__Streptococcaceae;g__Streptococcus;s__Streptococcus porcinus
Streptococcus_pseudopneumoniae	Bacteria	d__Bacteria;p__Bacillota;c__Bacilli;o__Lactobacillales;f__Streptococcaceae;g__Streptococcus;s__Streptococcus pseudopneumoniae
Streptococcus_pseudoporcinus	Bacteria	d__Bacteria;p__Bacillota;c__Bacilli;o__Lactobacillales;f__Streptococcaceae;g__Streptococcus;s__Streptococcus pseudoporcinus
Streptococcus_pyogenes	Bacteria	d__Bacteria;p__Bacillota;c__Bacilli;o__Lactobacillales;f__Streptococcaceae;g__Streptococcus;s__Streptococcus pyogenes
Streptococcus_ratti	Bacteria	d__Bacteria;p__Bacillota;c__Bacilli;o__Lactobacillales;f__Streptococcaceae;g__Streptococcus;s__Streptococcus ratti
Streptococcus_respiraculi	Bacteria	d__Bacteria;p__Bacillota;c__Bacilli;o__Lactobacillales;f__Streptococcaceae;g__Streptococcus;s__Streptococcus respiraculi
Streptococcus_ruminantium	Bacteria	d__Bacteria;p__Bacillota;c__Bacilli;o__Lactobacillales;f__Streptococcaceae;g__Streptococcus;s__Streptococcus ruminantium
Streptococcus_salivarius	Bacteria	d__Bacteria;p__Bacillota;c__Bacilli;o__Lactobacillales;f__Streptococcaceae;g__Streptococcus;s__Streptococcus salivarius
Streptococcus_sanguinis	Bacteria	d__Bacteria;p__Bacillota;c__Bacilli;o__Lactobacillales;f__Streptococcaceae;g__Streptococcus;s__Streptococcus sanguinis
Streptococcus_sobrinus	Bacteria	d__Bacteria;p__Bacillota;c__Bacilli;o__Lactobacillales;f__Streptococcaceae;g__Streptococcus;s__Streptococcus sobrinus
Streptococcus_sp000187745	Bacteria	d__Bacteria;p__Bacillota;c__Bacilli;o__Lactobacillales;f__Streptococcaceae;g__Streptococcus;s__Streptococcus sp000187745
Streptococcus_sp001553685	Bacteria	d__Bacteria;p__Bacillota;c__Bacilli;o__Lactobacillales;f__Streptococcaceae;g__Streptococcus;s__Streptococcus sp001553685
Streptococcus_sp001556435	Bacteria	d__Bacteria;p__Bacillota;c__Bacilli;o__Lactobacillales;f__Streptococcaceae;g__Streptococcus;s__Streptococcus sp001556435
Streptococcus_sp001814775	Bacteria	d__Bacteria;p__Bacillota;c__Bacilli;o__Lactobacillales;f__Streptococcaceae;g__Streptococcus;s__Streptococcus sp001814775
Streptococcus_sp002355895	Bacteria	d__Bacteria;p__Bacillota;c__Bacilli;o__Lactobacillales;f__Streptococcaceae;g__Streptococcus;s__Streptococcus sp002355895
Streptococcus_sp900766505	Bacteria	d__Bacteria;p__Bacillota;c__Bacilli;o__Lactobacillales;f__Streptococcaceae;g__Streptococcus;s__Streptococcus sp900766505
Streptococcus_sp905221085	Bacteria	d__Bacteria;p__Bacillota;c__Bacilli;o__Lactobacillales;f__Streptococcaceae;g__Streptococcus;s__Streptococcus sp905221085
Streptococcus_sp905221235	Bacteria	d__Bacteria;p__Bacillota;c__Bacilli;o__Lactobacillales;f__Streptococcaceae;g__Streptococcus;s__Streptococcus sp905221235
Streptococcus_suis	Bacteria	d__Bacteria;p__Bacillota;c__Bacilli;o__Lactobacillales;f__Streptococcaceae;g__Streptococcus;s__Streptococcus suis
Streptococcus_thermophilus	Bacteria	d__Bacteria;p__Bacillota;c__Bacilli;o__Lactobacillales;f__Streptococcaceae;g__Streptococcus;s__Streptococcus thermophilus
Streptococcus_troglodytae	Bacteria	d__Bacteria;p__Bacillota;c__Bacilli;o__Lactobacillales;f__Streptococcaceae;g__Streptococcus;s__Streptococcus troglodytae
Streptococcus_uberis	Bacteria	d__Bacteria;p__Bacillota;c__Bacilli;o__Lactobacillales;f__Streptococcaceae;g__Streptococcus;s__Streptococcus uberis
Streptococcus_urinalis	Bacteria	d__Bacteria;p__Bacillota;c__Bacilli;o__Lactobacillales;f__Streptococcaceae;g__Streptococcus;s__Streptococcus urinalis
Streptococcus_vestibularis	Bacteria	d__Bacteria;p__Bacillota;c__Bacilli;o__Lactobacillales;f__Streptococcaceae;g__Streptococcus;s__Streptococcus vestibularis
Streptococcus_xiaochunlingii	Bacteria	d__Bacteria;p__Bacillota;c__Bacilli;o__Lactobacillales;f__Streptococcaceae;g__Streptococcus;s__Streptococcus xiaochunlingii
Sutterella_megalosphaeroides	Bacteria	d__Bacteria;p__Pseudomonadota;c__Gammaproteobacteria;o__Burkholderiales;f__Burkholderiaceae;g__Sutterella;s__Sutterella megalosphaeroides
Sutterella_sp900762445	Bacteria	d__Bacteria;p__Pseudomonadota;c__Gammaproteobacteria;o__Burkholderiales;f__Burkholderiaceae;g__Sutterella;s__Sutterella sp900762445
Tannerella_forsythia	Bacteria	d__Bacteria;p__Bacteroidota;c__Bacteroidia;o__Bacteroidales;f__Tannerellaceae;g__Tannerella;s__Tannerella forsythia
Treponema_pallidum	Bacteria	d__Bacteria;p__Spirochaetota;c__Spirochaetia;o__Treponematales;f__Treponemataceae;g__Treponema;s__Treponema pallidum
Treponema_phagedenis	Bacteria	d__Bacteria;p__Spirochaetota;c__Spirochaetia;o__Treponematales;f__Treponemataceae;g__Treponema;s__Treponema phagedenis
Treponema_sp000775995	Bacteria	d__Bacteria;p__Spirochaetota;c__Spirochaetia;o__Treponematales;f__Treponemataceae;g__Treponema;s__Treponema sp000775995
Trueperella_bernardiae	Bacteria	d__Bacteria;p__Actinomycetota;c__Actinomycetes;o__Actinomycetales;f__Actinomycetaceae;g__Trueperella;s__Trueperella bernardiae
Trueperella_bialowiezensis	Bacteria	d__Bacteria;p__Actinomycetota;c__Actinomycetes;o__Actinomycetales;f__Actinomycetaceae;g__Trueperella;s__Trueperella bialowiezensis
Trueperella_pyogenes	Bacteria	d__Bacteria;p__Actinomycetota;c__Actinomycetes;o__Actinomycetales;f__Actinomycetaceae;g__Trueperella;s__Trueperella pyogenes
UBA4285_sp900542465	Bacteria	d__Bacteria;p__Bacillota_A;c__Clostridia;o__Lachnospirales;f__Lachnospiraceae;g__UBA4285;s__UBA4285 sp900542465
UBA629_sp005465875	Bacteria	d__Bacteria;p__Bacillota_A;c__Clostridia;o__Lachnospirales;f__Lachnospiraceae;g__UBA629;s__UBA629 sp005465875
Ureaplasma_parvum	Bacteria	d__Bacteria;p__Bacillota_I;c__Bacilli_A;o__Mycoplasmatales;f__Mycoplasmoidaceae;g__Ureaplasma;s__Ureaplasma parvum
Ureaplasma_urealyticum	Bacteria	d__Bacteria;p__Bacillota_I;c__Bacilli_A;o__Mycoplasmatales;f__Mycoplasmoidaceae;g__Ureaplasma;s__Ureaplasma urealyticum
Urinicoccus_massiliensis	Bacteria	d__Bacteria;p__Bacillota_A;c__Clostridia;o__Tissierellales;f__Peptoniphilaceae;g__Urinicoccus;s__Urinicoccus massiliensis
Vagococcus_penaei	Bacteria	d__Bacteria;p__Bacillota;c__Bacilli;o__Lactobacillales;f__Vagococcaceae;g__Vagococcus;s__Vagococcus penaei
Varibaculum_cambriense	Bacteria	d__Bacteria;p__Actinomycetota;c__Actinomycetes;o__Actinomycetales;f__Actinomycetaceae;g__Varibaculum;s__Varibaculum cambriense
Varibaculum_massiliense	Bacteria	d__Bacteria;p__Actinomycetota;c__Actinomycetes;o__Actinomycetales;f__Actinomycetaceae;g__Varibaculum;s__Varibaculum massiliense
Varibaculum_vaginae	Bacteria	d__Bacteria;p__Actinomycetota;c__Actinomycetes;o__Actinomycetales;f__Actinomycetaceae;g__Varibaculum;s__Varibaculum vaginae
Veillonella_atypica	Bacteria	d__Bacteria;p__Bacillota_C;c__Negativicutes;o__Veillonellales;f__Veillonellaceae;g__Veillonella;s__Veillonella atypica
Veillonella_dispar	Bacteria	d__Bacteria;p__Bacillota_C;c__Negativicutes;o__Veillonellales;f__Veillonellaceae;g__Veillonella;s__Veillonella dispar
Veillonella_montpellierensis	Bacteria	d__Bacteria;p__Bacillota_C;c__Negativicutes;o__Veillonellales;f__Veillonellaceae;g__Veillonella;s__Veillonella montpellierensis
Veillonella_nakazawae	Bacteria	d__Bacteria;p__Bacillota_C;c__Negativicutes;o__Veillonellales;f__Veillonellaceae;g__Veillonella;s__Veillonella nakazawae
Veillonella_parvula	Bacteria	d__Bacteria;p__Bacillota_C;c__Negativicutes;o__Veillonellales;f__Veillonellaceae;g__Veillonella;s__Veillonella parvula
Veillonella_rodentium	Bacteria	d__Bacteria;p__Bacillota_C;c__Negativicutes;o__Veillonellales;f__Veillonellaceae;g__Veillonella;s__Veillonella rodentium
W11650_sp002999035	Bacteria	d__Bacteria;p__Bacillota_A;c__Clostridia;o__Lachnospirales;f__Vallitaleaceae;g__W11650;s__W11650 sp002999035
Winkia_neuii	Bacteria	d__Bacteria;p__Actinomycetota;c__Actinomycetes;o__Actinomycetales;f__Actinomycetaceae;g__Winkia;s__Winkia neuii
Acetatifactor_sp900066565	Bacteria	d__Bacteria;p__Bacillota_A;c__Clostridia;o__Eubacteriales;f__Eubacteriales_fa;g__Acetatifactor;s__Acetatifactor_sp900066565
Actinomycetaceae_gZJ293	Bacteria	d__Bacteria;p__Actinomycetota;c__Actinomycetes;o__Actinomycetales;f__Actinomycetaceae;g__Actinomycetaceae;s__Actinomycetaceae_gZJ293
Actinotignum	Bacteria	d__Bacteria;p__Actinomycetota;c__Actinomycetes;o__Actinomycetales;f__Actinomycetaceae;g__Actinotignum;s__Actinotignum
Aerococcaceae_bacterium	Bacteria	d__Bacteria;p__Bacillota;c__Bacilli;o__Lactobacillales;f__Aerococcaceae;g__Aerococcaceae;s__Aerococcaceae_bacterium
Allisonella_pneumosintes	Bacteria	d__Bacteria;p__Bacillota_C;c__Negativicutes;o__Acidaminococcales;f__Acidaminococcaceae;g__Allisonella;s__Allisonella_pneumosintes
Alloprevotella	Bacteria	d__Bacteria;p__Bacteroidota;c__Bacteroidia;o__Bacteroidales;f__Prevotellaceae;g__Alloprevotella;s__Alloprevotella
Alloprevotella_sp003265305	Bacteria	d__Bacteria;p__Bacteroidota;c__Bacteroidia;o__Bacteroidales;f__Prevotellaceae;g__Alloprevotella;s__Alloprevotella_sp003265305
Alterileibacterium	Bacteria	d__Bacteria;p__Bacillota_A;c__Clostridia;o__Lachnospirales;f__Lachnospiraceae;g__Alterileibacterium;s__Alterileibacterium
Anaerococcus	Bacteria	d__Bacteria;p__Bacillota_C;c__Negativicutes;o__Acidaminococcales;f__Anaerococcaceae;g__Anaerococcus;s__Anaerococcus
Anaerococcus_obesiensis	Bacteria	d__Bacteria;p__Bacillota_C;c__Negativicutes;o__Acidaminococcales;f__Anaerococcaceae;g__Anaerococcus;s__Anaerococcus_obesiensis
Arachnia	Bacteria	d__Bacteria;p__Actinomycetota;c__Actinomycetes;o__Actinomycetales;f__Actinomycetaceae;g__Arachnia;s__Arachnia
Arcanobacterium	Bacteria	d__Bacteria;p__Actinomycetota;c__Actinomycetes;o__Actinomycetales;f__Actinomycetaceae;g__Arcanobacterium;s__Arcanobacterium
Arcanobacterium_sp000758825	Bacteria	d__Bacteria;p__Actinomycetota;c__Actinomycetes;o__Actinomycetales;f__Actinomycetaceae;g__Arcanobacterium;s__Arcanobacterium_sp000758825
Arcanobacterium_urinimassiliense	Bacteria	d__Bacteria;p__Actinomycetota;c__Actinomycetes;o__Actinomycetales;f__Actinomycetaceae;g__Arcanobacterium;s__Arcanobacterium_urinimassiliense
Bacteroides	Bacteria	d__Bacteria;p__Bacteroidota;c__Bacteroidia;o__Bacteroidales;f__Bacteroidaceae;g__Bacteroides;s__Bacteroides
Bacteroides_sp013333195	Bacteria	d__Bacteria;p__Bacteroidota;c__Bacteroidia;o__Bacteroidales;f__Bacteroidaceae;g__Bacteroides;s__Bacteroides_sp013333195
Baileyella	Bacteria	d__Bacteria;p__Bacillota_A;c__Clostridia;o__Oscillospirales;f__Oscillospiraceae;g__Baileyella;s__Baileyella
Bifidobacterium	Bacteria	d__Bacteria;p__Actinomycetota;c__Actinomycetes;o__Bifidobacteriales;f__Bifidobacteriaceae;g__Bifidobacterium;s__Bifidobacterium
Bifidobacterium_gallinarum	Bacteria	d__Bacteria;p__Actinomycetota;c__Actinomycetes;o__Bifidobacteriales;f__Bifidobacteriaceae;g__Bifidobacterium;s__Bifidobacterium_gallinarum
Bifidobacterium_pseuocatenulatum	Bacteria	d__Bacteria;p__Actinomycetota;c__Actinomycetes;o__Bifidobacteriales;f__Bifidobacteriaceae;g__Bifidobacterium;s__Bifidobacterium_pseuocatenulatum
Bifidobacterium_thermophilum	Bacteria	d__Bacteria;p__Actinomycetota;c__Actinomycetes;o__Bifidobacteriales;f__Bifidobacteriaceae;g__Bifidobacterium;s__Bifidobacterium_thermophilum
Bilifractor	Bacteria	d__Bacteria;p__Bacillota_A;c__Clostridia;o__Oscillospirales;f__Oscillospiraceae;g__Bilifractor;s__Bilifractor
Blautia	Bacteria	d__Bacteria;p__Bacillota_A;c__Clostridia;o__Lachnospirales;f__Lachnospiraceae;g__Blautia;s__Blautia
Blautia_massiliensis	Bacteria	d__Bacteria;p__Bacillota_A;c__Clostridia;o__Lachnospirales;f__Lachnospiraceae;g__Blautia;s__Blautia_massiliensis
Blautia_obeum	Bacteria	d__Bacteria;p__Bacillota_A;c__Clostridia;o__Lachnospirales;f__Lachnospiraceae;g__Blautia;s__Blautia_obeum
Blautia_sp	Bacteria	d__Bacteria;p__Bacillota_A;c__Clostridia;o__Lachnospirales;f__Lachnospiraceae;g__Blautia;s__Blautia_sp
Blautia_sp001304935	Bacteria	d__Bacteria;p__Bacillota_A;c__Clostridia;o__Lachnospirales;f__Lachnospiraceae;g__Blautia;s__Blautia_sp001304935
Brevibacterium	Bacteria	d__Bacteria;p__Actinomycetota;c__Actinomycetes;o__Mycobacteriales;f__Brevibacteriaceae;g__Brevibacterium;s__Brevibacterium
Bulleidia	Bacteria	d__Bacteria;p__Bacillota_C;c__Negativicutes;o__Acidaminococcales;f__Acidaminococcaceae;g__Bulleidia;s__Bulleidia
Bulleidia_spNov1	Bacteria	d__Bacteria;p__Bacillota_C;c__Negativicutes;o__Acidaminococcales;f__Acidaminococcaceae;g__Bulleidia;s__Bulleidia_spNov1
CAG-74	Bacteria	d__Bacteria;p__Bacteroidota;c__Bacteroidia;o__Bacteroidales;f__Bacteroidaceae;g__CAG-74;s__CAG-74
CAJPTP01	Bacteria	d__Bacteria;p__Pseudomonadota;c__Gammaproteobacteria;o__Enterobacterales;f__Enterobacteriaceae;g__CAJPTP01;s__CAJPTP01
Campylobacter	Bacteria	d__Bacteria;p__Campylobacterota;c__Campylobacteria;o__Campylobacterales;f__Campylobacteraceae;g__Campylobacter;s__Campylobacter
Campylobacter_hominis	Bacteria	d__Bacteria;p__Campylobacterota;c__Campylobacteria;o__Campylobacterales;f__Campylobacteraceae;g__Campylobacter;s__Campylobacter_hominis
Campylobacter_showae	Bacteria	d__Bacteria;p__Campylobacterota;c__Campylobacteria;o__Campylobacterales;f__Campylobacteraceae;g__Campylobacter;s__Campylobacter_showae
Campylobacter_sputorum	Bacteria	d__Bacteria;p__Campylobacterota;c__Campylobacteria;o__Campylobacterales;f__Campylobacteraceae;g__Campylobacter;s__Campylobacter_sputorum
Campylobacter_ureolyticus	Bacteria	d__Bacteria;p__Campylobacterota;c__Campylobacteria;o__Campylobacterales;f__Campylobacteraceae;g__Campylobacter;s__Campylobacter_ureolyticus
Caproicibacterium_sp002119605	Bacteria	d__Bacteria;p__Bacillota_A;c__Clostridia;o__Oscillospirales;f__Oscillospiraceae;g__Caproicibacterium;s__Caproicibacterium_sp002119605
Catonella_spNov1	Bacteria	d__Bacteria;p__Bacillota_A;c__Clostridia;o__Lachnospirales;f__Lachnospiraceae;g__Catonella;s__Catonella_spNov1
Citrobacter_koseri	Bacteria	d__Bacteria;p__Pseudomonadota;c__Gammaproteobacteria;o__Enterobacterales;f__Enterobacteriaceae;g__Citrobacter;s__Citrobacter_koseri
Clostridium_ventriculi	Bacteria	d__Bacteria;p__Bacillota_A;c__Clostridia;o__Eubacteriales;f__Eubacteriaceae;g__Clostridium;s__Clostridium_ventriculi
Collinsella	Bacteria	d__Bacteria;p__Actinomycetota;c__Actinomycetes;o__Coriobacteriales;f__Coriobacteriaceae;g__Collinsella;s__Collinsella
Companilactobacillus_frumenti	Bacteria	d__Bacteria;p__Bacillota;c__Bacilli;o__Lactobacillales;f__Lactobacillaceae;g__Companilactobacillus;s__Companilactobacillus_frumenti
Coriobacteriaceae_bacterium	Bacteria	d__Bacteria;p__Actinomycetota;c__Actinomycetes;o__Coriobacteriales;f__Coriobacteriaceae;g__Coriobacteriaceae;s__Coriobacteriaceae_bacterium
Corynebacterium	Bacteria	d__Bacteria;p__Actinomycetota;c__Actinomycetes;o__Mycobacteriales;f__Corynebacteriaceae;g__Corynebacterium;s__Corynebacterium
Corynebacterium_camporealensis	Bacteria	d__Bacteria;p__Actinomycetota;c__Actinomycetes;o__Mycobacteriales;f__Corynebacteriaceae;g__Corynebacterium;s__Corynebacterium_camporealensis
Corynebacterium_sp	Bacteria	d__Bacteria;p__Actinomycetota;c__Actinomycetes;o__Mycobacteriales;f__Corynebacteriaceae;g__Corynebacterium;s__Corynebacterium_sp
Corynebacterium_sp001767255	Bacteria	d__Bacteria;p__Actinomycetota;c__Actinomycetes;o__Mycobacteriales;f__Corynebacteriaceae;g__Corynebacterium;s__Corynebacterium_sp001767255
Corynebacterium_sp001807485	Bacteria	d__Bacteria;p__Actinomycetota;c__Actinomycetes;o__Mycobacteriales;f__Corynebacteriaceae;g__Corynebacterium;s__Corynebacterium_sp001807485
Corynebacterium_spNov1	Bacteria	d__Bacteria;p__Actinomycetota;c__Actinomycetes;o__Mycobacteriales;f__Corynebacteriaceae;g__Corynebacterium;s__Corynebacterium_spNov1
Criibacterium	Bacteria	d__Bacteria;p__Actinomycetota;c__Actinomycetes;o__Coriobacteriales;f__Coriobacteriaceae;g__Criibacterium;s__Criibacterium
Cryptobacteroides_spNov1	Bacteria	d__Bacteria;p__Bacteroidota;c__Bacteroidia;o__Bacteroidales;f__Rikenellaceae;g__Cryptobacteroides;s__Cryptobacteroides_spNov1
Cutibacterium	Bacteria	d__Bacteria;p__Actinomycetota;c__Actinomycetes;o__Propionibacteriales;f__Propionibacteriaceae;g__Cutibacterium;s__Cutibacterium
Dermabacter	Bacteria	d__Bacteria;p__Actinomycetota;c__Actinomycetes;o__Dermabacterales;f__Dermabacteraceae;g__Dermabacter;s__Dermabacter
Dialister	Bacteria	d__Bacteria;p__Bacillota_C;c__Negativicutes;o__Acidaminococcales;f__Acidaminococcaceae;g__Dialister;s__Dialister
Dialister_propionicifaciens	Bacteria	d__Bacteria;p__Bacillota_C;c__Negativicutes;o__Acidaminococcales;f__Acidaminococcaceae;g__Dialister;s__Dialister_propionicifaciens
Dialister_sp	Bacteria	d__Bacteria;p__Bacillota_C;c__Negativicutes;o__Acidaminococcales;f__Acidaminococcaceae;g__Dialister;s__Dialister_sp
Enterococcus	Bacteria	d__Bacteria;p__Bacillota;c__Bacilli;o__Lactobacillales;f__Enterococcaceae;g__Enterococcus;s__Enterococcus
Enterococcus_cecorum	Bacteria	d__Bacteria;p__Bacillota;c__Bacilli;o__Lactobacillales;f__Enterococcaceae;g__Enterococcus;s__Enterococcus_cecorum
Enterococcus_faecium	Bacteria	d__Bacteria;p__Bacillota;c__Bacilli;o__Lactobacillales;f__Enterococcaceae;g__Enterococcus;s__Enterococcus_faecium
Erysipelotrichaceae_bacterium	Bacteria	d__Bacteria;p__Bacillota_A;c__Erysipelotrichia;o__Erysipelotrichales;f__Erysipelotrichaceae;g__Erysipelotrichaceae;s__Erysipelotrichaceae_bacterium
Escherichia	Bacteria	d__Bacteria;p__Pseudomonadota;c__Gammaproteobacteria;o__Enterobacterales;f__Enterobacteriaceae;g__Escherichia;s__Escherichia
Eubacterium_rectale	Bacteria	d__Bacteria;p__Bacillota_A;c__Clostridia;o__Eubacteriales;f__Eubacteriaceae;g__Eubacterium;s__Eubacterium_rectale
Eubacterium_spNov1	Bacteria	d__Bacteria;p__Bacillota_A;c__Clostridia;o__Eubacteriales;f__Eubacteriaceae;g__Eubacterium;s__Eubacterium_spNov1
Eubacterium_sulci	Bacteria	d__Bacteria;p__Bacillota_A;c__Clostridia;o__Eubacteriales;f__Eubacteriaceae;g__Eubacterium;s__Eubacterium_sulci
Ezakiella	Bacteria	d__Bacteria;p__Bacillota_A;c__Clostridia;o__Tissierellales;f__Peptoniphilaceae;g__Ezakiella;s__Ezakiella
Facklamia	Bacteria	d__Bacteria;p__Bacillota;c__Bacilli;o__Lactobacillales;f__Aerococcaceae;g__Facklamia;s__Facklamia
Fannyhessea	Bacteria	d__Bacteria;p__Actinomycetota;c__Actinomycetes;o__Actinomycetales;f__Actinomycetaceae;g__Fannyhessea;s__Fannyhessea
Fannyhessea_massiliense	Bacteria	d__Bacteria;p__Actinomycetota;c__Actinomycetes;o__Actinomycetales;f__Actinomycetaceae;g__Fannyhessea;s__Fannyhessea_massiliense
Fannyhessea_spNov1	Bacteria	d__Bacteria;p__Actinomycetota;c__Actinomycetes;o__Actinomycetales;f__Actinomycetaceae;g__Fannyhessea;s__Fannyhessea_spNov1
Fannyhessea_spNov2	Bacteria	d__Bacteria;p__Actinomycetota;c__Actinomycetes;o__Actinomycetales;f__Actinomycetaceae;g__Fannyhessea;s__Fannyhessea_spNov2
Fannyhessea_spNov3	Bacteria	d__Bacteria;p__Actinomycetota;c__Actinomycetes;o__Actinomycetales;f__Actinomycetaceae;g__Fannyhessea;s__Fannyhessea_spNov3
Fastidiosipila	Bacteria	d__Bacteria;p__Bacillota_A;c__Clostridia;o__Tissierellales;f__Fastidiosipilaceae;g__Fastidiosipila;s__Fastidiosipila
Fenollaria	Bacteria	d__Bacteria;p__Bacillota_C;c__Negativicutes;o__Peptoniphilales;f__Peptoniphilaceae;g__Fenollaria;s__Fenollaria
Fenollaria_sp905332505	Bacteria	d__Bacteria;p__Bacillota_C;c__Negativicutes;o__Peptoniphilales;f__Peptoniphilaceae;g__Fenollaria;s__Fenollaria_sp905332505
Fermentimonas_caenicola	Bacteria	d__Bacteria;p__Bacteroidota;c__Bacteroidia;o__Bacteroidales;f__Marinilabiliaceae;g__Fermentimonas;s__Fermentimonas_caenicola
Fictibacillus_phosphorivorans	Bacteria	d__Bacteria;p__Bacillota;c__Bacilli;o__Bacillales;f__Bacillaceae;g__Fictibacillus;s__Fictibacillus_phosphorivorans
Filifactor	Bacteria	d__Bacteria;p__Bacillota_A;c__Clostridia;o__Tissierellales;f__Peptoniphilaceae;g__Filifactor;s__Filifactor
Filifactor_spNov1	Bacteria	d__Bacteria;p__Bacillota_A;c__Clostridia;o__Tissierellales;f__Peptoniphilaceae;g__Filifactor;s__Filifactor_spNov1
Fusobacterium	Bacteria	d__Bacteria;p__Fusobacteriota;c__Fusobacteriia;o__Fusobacteriales;f__Fusobacteriaceae;g__Fusobacterium;s__Fusobacterium
Fusobacterium_gonidiaformans	Bacteria	d__Bacteria;p__Fusobacteriota;c__Fusobacteriia;o__Fusobacteriales;f__Fusobacteriaceae;g__Fusobacterium;s__Fusobacterium_gonidiaformans
Fusobacterium_mortiferum	Bacteria	d__Bacteria;p__Fusobacteriota;c__Fusobacteriia;o__Fusobacteriales;f__Fusobacteriaceae;g__Fusobacterium;s__Fusobacterium_mortiferum
Fusobacterium_necrophorum	Bacteria	d__Bacteria;p__Fusobacteriota;c__Fusobacteriia;o__Fusobacteriales;f__Fusobacteriaceae;g__Fusobacterium;s__Fusobacterium_necrophorum
Fusobacterium_ulcerans	Bacteria	d__Bacteria;p__Fusobacteriota;c__Fusobacteriia;o__Fusobacteriales;f__Fusobacteriaceae;g__Fusobacterium;s__Fusobacterium_ulcerans
Fusobacterium_varium	Bacteria	d__Bacteria;p__Fusobacteriota;c__Fusobacteriia;o__Fusobacteriales;f__Fusobacteriaceae;g__Fusobacterium;s__Fusobacterium_varium
Gardnerella	Bacteria	d__Bacteria;p__Actinomycetota;c__Actinomycetes;o__Gardnerellales;f__Gardnerellaceae;g__Gardnerella;s__Gardnerella
Gardnerella_leopoldii	Bacteria	d__Bacteria;p__Actinomycetota;c__Actinomycetes;o__Gardnerellales;f__Gardnerellaceae;g__Gardnerella;s__Gardnerella_leopoldii
Gardnerella_piotii	Bacteria	d__Bacteria;p__Actinomycetota;c__Actinomycetes;o__Gardnerellales;f__Gardnerellaceae;g__Gardnerella;s__Gardnerella_piotii
Gardnerella_sp003585735	Bacteria	d__Bacteria;p__Actinomycetota;c__Actinomycetes;o__Gardnerellales;f__Gardnerellaceae;g__Gardnerella;s__Gardnerella_sp003585735
Gardnerella_sp003585845	Bacteria	d__Bacteria;p__Actinomycetota;c__Actinomycetes;o__Gardnerellales;f__Gardnerellaceae;g__Gardnerella;s__Gardnerella_sp003585845
Gardnerella_spNov1	Bacteria	d__Bacteria;p__Actinomycetota;c__Actinomycetes;o__Gardnerellales;f__Gardnerellaceae;g__Gardnerella;s__Gardnerella_spNov1
Gardnerella_spNov2	Bacteria	d__Bacteria;p__Actinomycetota;c__Actinomycetes;o__Gardnerellales;f__Gardnerellaceae;g__Gardnerella;s__Gardnerella_spNov2
Gardnerella_swidsinskii	Bacteria	d__Bacteria;p__Actinomycetota;c__Actinomycetes;o__Gardnerellales;f__Gardnerellaceae;g__Gardnerella;s__Gardnerella_swidsinskii
Gardnerella_vaginalis	Bacteria	d__Bacteria;p__Actinomycetota;c__Actinomycetes;o__Gardnerellales;f__Gardnerellaceae;g__Gardnerella;s__Gardnerella_vaginalis
Gardnerella_vaginalis_A	Bacteria	d__Bacteria;p__Actinomycetota;c__Actinomycetes;o__Gardnerellales;f__Gardnerellaceae;g__Gardnerella;s__Gardnerella_vaginalis_A
Gardnerella_vaginalis_B	Bacteria	d__Bacteria;p__Actinomycetota;c__Actinomycetes;o__Gardnerellales;f__Gardnerellaceae;g__Gardnerella;s__Gardnerella_vaginalis_B
Gardnerella_vaginalis_C	Bacteria	d__Bacteria;p__Actinomycetota;c__Actinomycetes;o__Gardnerellales;f__Gardnerellaceae;g__Gardnerella;s__Gardnerella_vaginalis_C
Gardnerella_vaginalis_D	Bacteria	d__Bacteria;p__Actinomycetota;c__Actinomycetes;o__Gardnerellales;f__Gardnerellaceae;g__Gardnerella;s__Gardnerella_vaginalis_D
Gardnerella_vaginalis_E	Bacteria	d__Bacteria;p__Actinomycetota;c__Actinomycetes;o__Gardnerellales;f__Gardnerellaceae;g__Gardnerella;s__Gardnerella_vaginalis_E
Gardnerella_vaginalis_F	Bacteria	d__Bacteria;p__Actinomycetota;c__Actinomycetes;o__Gardnerellales;f__Gardnerellaceae;g__Gardnerella;s__Gardnerella_vaginalis_F
Gardnerella_vaginalis_H	Bacteria	d__Bacteria;p__Actinomycetota;c__Actinomycetes;o__Gardnerellales;f__Gardnerellaceae;g__Gardnerella;s__Gardnerella_vaginalis_H
Gemella	Bacteria	d__Bacteria;p__Bacillota;c__Bacilli;o__Staphylococcales;f__Gemellaceae;g__Gemella;s__Gemella
Gulosibacter	Bacteria	d__Bacteria;p__Actinomycetota;c__Actinomycetes;o__Mycobacteriales;f__Corynebacteriaceae;g__Gulosibacter;s__Gulosibacter
Gulosibacter_sp904848455	Bacteria	d__Bacteria;p__Actinomycetota;c__Actinomycetes;o__Mycobacteriales;f__Corynebacteriaceae;g__Gulosibacter;s__Gulosibacter_sp904848455
Haemophilum_influenzae	Bacteria	d__Bacteria;p__Pseudomonadota;c__Gammaproteobacteria;o__Pasteurellales;f__Pasteurellaceae;g__Haemophilum;s__Haemophilum_influenzae
Haemophilus_ducreyi	Bacteria	d__Bacteria;p__Pseudomonadota;c__Gammaproteobacteria;o__Pasteurellales;f__Pasteurellaceae;g__Haemophilus;s__Haemophilus_ducreyi
Haemophilus_parainfluenzae	Bacteria	d__Bacteria;p__Pseudomonadota;c__Gammaproteobacteria;o__Pasteurellales;f__Pasteurellaceae;g__Haemophilus;s__Haemophilus_parainfluenzae
JABCPO02	Bacteria	d__Bacteria;p__Bacteroidota;c__Bacteroidia;o__Bacteroidales;f__Bacteroidaceae;g__JABCPO02;s__JABCPO02
Johnsonella	Bacteria	d__Bacteria;p__Bacillota_A;c__Clostridia;o__Tissierellales;f__Tissierellaceae;g__Johnsonella;s__Johnsonella
Klebsiella	Bacteria	d__Bacteria;p__Pseudomonadota;c__Gammaproteobacteria;o__Enterobacterales;f__Enterobacteriaceae;g__Klebsiella;s__Klebsiella
Lachnospiraceae	Bacteria	d__Bacteria;p__Bacillota_A;c__Clostridia;o__Lachnospirales;f__Lachnospiraceae;g__Lachnospiraceae;s__Lachnospiraceae
Lachnospiraceae_bacterium	Bacteria	d__Bacteria;p__Bacillota_A;c__Clostridia;o__Lachnospirales;f__Lachnospiraceae;g__Lachnospiraceae;s__Lachnospiraceae_bacterium
Lactobacillus	Bacteria	d__Bacteria;p__Bacillota;c__Bacilli;o__Lactobacillales;f__Lactobacillaceae;g__Lactobacillus;s__Lactobacillus
Lactobacillus_animalis	Bacteria	d__Bacteria;p__Bacillota;c__Bacilli;o__Lactobacillales;f__Lactobacillaceae;g__Lactobacillus;s__Lactobacillus_animalis
Lactobacillus_curieae	Bacteria	d__Bacteria;p__Bacillota;c__Bacilli;o__Lactobacillales;f__Lactobacillaceae;g__Lactobacillus;s__Lactobacillus_curieae
Lactobacillus_dextrinicus	Bacteria	d__Bacteria;p__Bacillota;c__Bacilli;o__Lactobacillales;f__Lactobacillaceae;g__Lactobacillus;s__Lactobacillus_dextrinicus
Lactobacillus_farciminis	Bacteria	d__Bacteria;p__Bacillota;c__Bacilli;o__Lactobacillales;f__Lactobacillaceae;g__Lactobacillus;s__Lactobacillus_farciminis
Lactobacillus_futsaii	Bacteria	d__Bacteria;p__Bacillota;c__Bacilli;o__Lactobacillales;f__Lactobacillaceae;g__Lactobacillus;s__Lactobacillus_futsaii
Lactobacillus_kunkeei	Bacteria	d__Bacteria;p__Bacillota;c__Bacilli;o__Lactobacillales;f__Lactobacillaceae;g__Lactobacillus;s__Lactobacillus_kunkeei
Lactobacillus_sp	Bacteria	d__Bacteria;p__Bacillota;c__Bacilli;o__Lactobacillales;f__Lactobacillaceae;g__Lactobacillus;s__Lactobacillus_sp
Lactococcus	Bacteria	d__Bacteria;p__Bacillota;c__Bacilli;o__Lactobacillales;f__Streptococcaceae;g__Lactococcus;s__Lactococcus
Lancefieldella	Bacteria	d__Bacteria;p__Bacillota;c__Bacilli;o__Lactobacillales;f__Streptococcaceae;g__Lancefieldella;s__Lancefieldella
Lawsonella	Bacteria	d__Bacteria;p__Actinomycetota;c__Actinomycetes;o__Mycobacteriales;f__Nocardiaceae;g__Lawsonella;s__Lawsonella
Leptotrichia	Bacteria	d__Bacteria;p__Fusobacteriota;c__Fusobacteriia;o__Fusobacteriales;f__Leptotrichiaceae;g__Leptotrichia;s__Leptotrichia
Leptotrichia_goodfellowii	Bacteria	d__Bacteria;p__Fusobacteriota;c__Fusobacteriia;o__Fusobacteriales;f__Leptotrichiaceae;g__Leptotrichia;s__Leptotrichia_goodfellowii
Leptotrichia_sp001274535	Bacteria	d__Bacteria;p__Fusobacteriota;c__Fusobacteriia;o__Fusobacteriales;f__Leptotrichiaceae;g__Leptotrichia;s__Leptotrichia_sp001274535
Levyella_massiliensis	Bacteria	d__Bacteria;p__Bacillota_A;c__Clostridia;o__Oscillospirales;f__Oscillospiraceae;g__Levyella;s__Levyella_massiliensis
Libanicoccus_massiliensis	Bacteria	d__Bacteria;p__Bacillota_A;c__Clostridia;o__Oscillospirales;f__Oscillospiraceae;g__Libanicoccus;s__Libanicoccus_massiliensis
Limosilactobacillus	Bacteria	d__Bacteria;p__Bacillota;c__Bacilli;o__Lactobacillales;f__Lactobacillaceae;g__Limosilactobacillus;s__Limosilactobacillus
Limosilactobacillus_coleohominis	Bacteria	d__Bacteria;p__Bacillota;c__Bacilli;o__Lactobacillales;f__Lactobacillaceae;g__Limosilactobacillus;s__Limosilactobacillus_coleohominis
Malacoplasma_girerdii	Bacteria	d__Bacteria;p__Mycoplasmatota;c__Mollicutes;o__Mycoplasmatales;f__Mycoplasmataceae;g__Malacoplasma;s__Malacoplasma_girerdii
Mediterraneibacter_butyricigenes	Bacteria	d__Bacteria;p__Bacillota_A;c__Clostridia;o__Lachnospirales;f__Lachnospiraceae;g__Mediterraneibacter;s__Mediterraneibacter_butyricigenes
Megasphaera	Bacteria	d__Bacteria;p__Bacillota_C;c__Negativicutes;o__Acidaminococcales;f__Acidaminococcaceae;g__Megasphaera;s__Megasphaera
Megasphaera_hutchinsoni	Bacteria	d__Bacteria;p__Bacillota_C;c__Negativicutes;o__Acidaminococcales;f__Acidaminococcaceae;g__Megasphaera;s__Megasphaera_hutchinsoni
Megasphaera_lornae	Bacteria	d__Bacteria;p__Bacillota_C;c__Negativicutes;o__Acidaminococcales;f__Acidaminococcaceae;g__Megasphaera;s__Megasphaera_lornae
Mobiluncus	Bacteria	d__Bacteria;p__Actinomycetota;c__Actinomycetes;o__Actinomycetales;f__Actinomycetaceae;g__Mobiluncus;s__Mobiluncus
Mogibacterium	Bacteria	d__Bacteria;p__Bacillota_A;c__Clostridia;o__Tissierellales;f__Mogibacteriaceae;g__Mogibacterium;s__Mogibacterium
Mordavella_sp	Bacteria	d__Bacteria;p__Bacteroidota;c__Bacteroidia;o__Bacteroidales;f__Muribaculaceae;g__Mordavella;s__Mordavella_sp
MultiGenera	Bacteria	d__Bacteria;p__Bacteroidota;c__Bacteroidia;o__Bacteroidales;f__Bacteroidaceae;g__MultiGenera;s__MultiGenera
Muribaculum_sp	Bacteria	d__Bacteria;p__Bacteroidota;c__Bacteroidia;o__Bacteroidales;f__Muribaculaceae;g__Muribaculum;s__Muribaculum_sp
Mycobacterium_sp	Bacteria	d__Bacteria;p__Actinomycetota;c__Actinomycetes;o__Mycobacteriales;f__Mycobacteriaceae;g__Mycobacterium;s__Mycobacterium_sp
Mycobacterium_sp001886515	Bacteria	d__Bacteria;p__Actinomycetota;c__Actinomycetes;o__Mycobacteriales;f__Mycobacteriaceae;g__Mycobacterium;s__Mycobacterium_sp001886515
Mycobacterium_virus	Bacteria	d__Bacteria;p__Actinomycetota;c__Actinomycetes;o__Mycobacteriales;f__Mycobacteriaceae;g__Mycobacterium;s__Mycobacterium_virus
Mycoplasma	Bacteria	d__Bacteria;p__Mycoplasmatota;c__Mollicutes;o__Mycoplasmatales;f__Mycoplasmataceae;g__Mycoplasma;s__Mycoplasma
Mycoplasma_anseris	Bacteria	d__Bacteria;p__Mycoplasmatota;c__Mollicutes;o__Mycoplasmatales;f__Mycoplasmataceae;g__Mycoplasma;s__Mycoplasma_anseris
Mycoplasma_anserisalpingitis	Bacteria	d__Bacteria;p__Mycoplasmatota;c__Mollicutes;o__Mycoplasmatales;f__Mycoplasmataceae;g__Mycoplasma;s__Mycoplasma_anserisalpingitis
Mycoplasma_arginini	Bacteria	d__Bacteria;p__Mycoplasmatota;c__Mollicutes;o__Mycoplasmatales;f__Mycoplasmataceae;g__Mycoplasma;s__Mycoplasma_arginini
Mycoplasma_bovigenitalium	Bacteria	d__Bacteria;p__Mycoplasmatota;c__Mollicutes;o__Mycoplasmatales;f__Mycoplasmataceae;g__Mycoplasma;s__Mycoplasma_bovigenitalium
Mycoplasma_canis	Bacteria	d__Bacteria;p__Mycoplasmatota;c__Mollicutes;o__Mycoplasmatales;f__Mycoplasmataceae;g__Mycoplasma;s__Mycoplasma_canis
Mycoplasma_citelli	Bacteria	d__Bacteria;p__Mycoplasmatota;c__Mollicutes;o__Mycoplasmatales;f__Mycoplasmataceae;g__Mycoplasma;s__Mycoplasma_citelli
Mycoplasma_conjunctivae	Bacteria	d__Bacteria;p__Mycoplasmatota;c__Mollicutes;o__Mycoplasmatales;f__Mycoplasmataceae;g__Mycoplasma;s__Mycoplasma_conjunctivae
Mycoplasma_crocodyli	Bacteria	d__Bacteria;p__Mycoplasmatota;c__Mollicutes;o__Mycoplasmatales;f__Mycoplasmataceae;g__Mycoplasma;s__Mycoplasma_crocodyli
Mycoplasma_cynos	Bacteria	d__Bacteria;p__Mycoplasmatota;c__Mollicutes;o__Mycoplasmatales;f__Mycoplasmataceae;g__Mycoplasma;s__Mycoplasma_cynos
Mycoplasma_fermentans	Bacteria	d__Bacteria;p__Mycoplasmatota;c__Mollicutes;o__Mycoplasmatales;f__Mycoplasmataceae;g__Mycoplasma;s__Mycoplasma_fermentans
Mycoplasma_genitalium	Bacteria	d__Bacteria;p__Mycoplasmatota;c__Mollicutes;o__Mycoplasmatales;f__Mycoplasmataceae;g__Mycoplasma;s__Mycoplasma_genitalium
Mycoplasma_hyosynoviae	Bacteria	d__Bacteria;p__Mycoplasmatota;c__Mollicutes;o__Mycoplasmatales;f__Mycoplasmataceae;g__Mycoplasma;s__Mycoplasma_hyosynoviae
Mycoplasma_meleagridis	Bacteria	d__Bacteria;p__Mycoplasmatota;c__Mollicutes;o__Mycoplasmatales;f__Mycoplasmataceae;g__Mycoplasma;s__Mycoplasma_meleagridis
Mycoplasma_neurolyticum	Bacteria	d__Bacteria;p__Mycoplasmatota;c__Mollicutes;o__Mycoplasmatales;f__Mycoplasmataceae;g__Mycoplasma;s__Mycoplasma_neurolyticum
Mycoplasma_ovipneumoniae	Bacteria	d__Bacteria;p__Mycoplasmatota;c__Mollicutes;o__Mycoplasmatales;f__Mycoplasmataceae;g__Mycoplasma;s__Mycoplasma_ovipneumoniae
Mycoplasma_phocicerebrale	Bacteria	d__Bacteria;p__Mycoplasmatota;c__Mollicutes;o__Mycoplasmatales;f__Mycoplasmataceae;g__Mycoplasma;s__Mycoplasma_phocicerebrale
Mycoplasma_salivarium	Bacteria	d__Bacteria;p__Mycoplasmatota;c__Mollicutes;o__Mycoplasmatales;f__Mycoplasmataceae;g__Mycoplasma;s__Mycoplasma_salivarium
Mycoplasmopsis	Bacteria	d__Bacteria;p__Mycoplasmatota;c__Mollicutes;o__Mycoplasmatales;f__Mycoplasmataceae;g__Mycoplasmopsis;s__Mycoplasmopsis
Mycoplasmopsis_spNov1	Bacteria	d__Bacteria;p__Mycoplasmatota;c__Mollicutes;o__Mycoplasmatales;f__Mycoplasmataceae;g__Mycoplasmopsis;s__Mycoplasmopsis_spNov1
Neisseria	Bacteria	d__Bacteria;p__Pseudomonadota;c__Gammaproteobacteria;o__Neisseriales;f__Neisseriaceae;g__Neisseria;s__Neisseria
Olegusella_phocaeensis	Bacteria	d__Bacteria;p__Actinomycetota;c__Actinomycetes;o__Mycobacteriales;f__Corynebacteriaceae;g__Olegusella;s__Olegusella_phocaeensis
Olegusella_urininfantis	Bacteria	d__Bacteria;p__Actinomycetota;c__Actinomycetes;o__Mycobacteriales;f__Corynebacteriaceae;g__Olegusella;s__Olegusella_urininfantis
Oligotropha_carboxidovorans	Bacteria	d__Bacteria;p__Pseudomonadota;c__Alphaproteobacteria;o__Rhizobiales;f__Nitrobacteraceae;g__Oligotropha;s__Oligotropha_carboxidovorans
Olsenella	Bacteria	d__Bacteria;p__Actinomycetota;c__Actinomycetes;o__Coriobacteriales;f__Atopobiaceae;g__Olsenella;s__Olsenella
Olsenella_phocaeensis	Bacteria	d__Bacteria;p__Actinomycetota;c__Actinomycetes;o__Coriobacteriales;f__Atopobiaceae;g__Olsenella;s__Olsenella_phocaeensis
Olsenella_sp001189515	Bacteria	d__Bacteria;p__Actinomycetota;c__Actinomycetes;o__Coriobacteriales;f__Atopobiaceae;g__Olsenella;s__Olsenella_sp001189515
Olsenella_timonensis	Bacteria	d__Bacteria;p__Actinomycetota;c__Actinomycetes;o__Coriobacteriales;f__Atopobiaceae;g__Olsenella;s__Olsenella_timonensis
Olsenella_umbonata	Bacteria	d__Bacteria;p__Actinomycetota;c__Actinomycetes;o__Coriobacteriales;f__Atopobiaceae;g__Olsenella;s__Olsenella_umbonata
Olsenella_urininfantis	Bacteria	d__Bacteria;p__Actinomycetota;c__Actinomycetes;o__Coriobacteriales;f__Atopobiaceae;g__Olsenella;s__Olsenella_urininfantis
Paeniclostridium_sordellii	Bacteria	d__Bacteria;p__Bacillota_A;c__Clostridia;o__Tissierellales;f__Peptostreptococcaceae;g__Paeniclostridium;s__Paeniclostridium_sordellii
Parvimonas	Bacteria	d__Bacteria;p__Bacillota_C;c__Negativicutes;o__Tissierellales;f__Peptoniphilaceae;g__Parvimonas;s__Parvimonas
Parvimonas_sp001553085	Bacteria	d__Bacteria;p__Bacillota_C;c__Negativicutes;o__Tissierellales;f__Peptoniphilaceae;g__Parvimonas;s__Parvimonas_sp001553085
Pauljensenia	Bacteria	d__Bacteria;p__Actinomycetota;c__Actinomycetes;o__Actinomycetales;f__Actinomycetaceae;g__Pauljensenia;s__Pauljensenia
Pauljensenia_radingae	Bacteria	d__Bacteria;p__Actinomycetota;c__Actinomycetes;o__Actinomycetales;f__Actinomycetaceae;g__Pauljensenia;s__Pauljensenia_radingae
Pauljensenia_turicensis	Bacteria	d__Bacteria;p__Actinomycetota;c__Actinomycetes;o__Actinomycetales;f__Actinomycetaceae;g__Pauljensenia;s__Pauljensenia_turicensis
Peptoniphilaceae	Bacteria	d__Bacteria;p__Bacillota_C;c__Negativicutes;o__Peptoniphilales;f__Peptoniphilaceae;g__Peptoniphilaceae;s__Peptoniphilaceae
Peptoniphilus	Bacteria	d__Bacteria;p__Bacillota_C;c__Negativicutes;o__Peptoniphilales;f__Peptoniphilaceae;g__Peptoniphilus;s__Peptoniphilus
Peptoniphilus_coxii	Bacteria	d__Bacteria;p__Bacillota_C;c__Negativicutes;o__Peptoniphilales;f__Peptoniphilaceae;g__Peptoniphilus;s__Peptoniphilus_coxii
Peptoniphilus_duerdenii	Bacteria	d__Bacteria;p__Bacillota_C;c__Negativicutes;o__Peptoniphilales;f__Peptoniphilaceae;g__Peptoniphilus;s__Peptoniphilus_duerdenii
Peptoniphilus_grossensis	Bacteria	d__Bacteria;p__Bacillota_C;c__Negativicutes;o__Peptoniphilales;f__Peptoniphilaceae;g__Peptoniphilus;s__Peptoniphilus_grossensis
Peptoniphilus_harei	Bacteria	d__Bacteria;p__Bacillota_C;c__Negativicutes;o__Peptoniphilales;f__Peptoniphilaceae;g__Peptoniphilus;s__Peptoniphilus_harei
Peptoniphilus_ivorii	Bacteria	d__Bacteria;p__Bacillota_C;c__Negativicutes;o__Peptoniphilales;f__Peptoniphilaceae;g__Peptoniphilus;s__Peptoniphilus_ivorii
Peptoniphilus_lacrimalis	Bacteria	d__Bacteria;p__Bacillota_C;c__Negativicutes;o__Peptoniphilales;f__Peptoniphilaceae;g__Peptoniphilus;s__Peptoniphilus_lacrimalis
Peptoniphilus_sp000478985	Bacteria	d__Bacteria;p__Bacillota_C;c__Negativicutes;o__Peptoniphilales;f__Peptoniphilaceae;g__Peptoniphilus;s__Peptoniphilus_sp000478985
Peptoniphilus_sp000952975	Bacteria	d__Bacteria;p__Bacillota_C;c__Negativicutes;o__Peptoniphilales;f__Peptoniphilaceae;g__Peptoniphilus;s__Peptoniphilus_sp000952975
Peptoniphilus_sp900343085	Bacteria	d__Bacteria;p__Bacillota_C;c__Negativicutes;o__Peptoniphilales;f__Peptoniphilaceae;g__Peptoniphilus;s__Peptoniphilus_sp900343085
Peptoniphilus_sp902363535	Bacteria	d__Bacteria;p__Bacillota_C;c__Negativicutes;o__Peptoniphilales;f__Peptoniphilaceae;g__Peptoniphilus;s__Peptoniphilus_sp902363535
Peptoniphilus_vaginalis	Bacteria	d__Bacteria;p__Bacillota_C;c__Negativicutes;o__Peptoniphilales;f__Peptoniphilaceae;g__Peptoniphilus;s__Peptoniphilus_vaginalis
Peptostreptococcus	Bacteria	d__Bacteria;p__Bacillota_A;c__Clostridia;o__Tissierellales;f__Peptoniphilaceae;g__Peptostreptococcus;s__Peptostreptococcus
Porphyromonas	Bacteria	d__Bacteria;p__Bacteroidota;c__Bacteroidia;o__Bacteroidales;f__Porphyromonadaceae;g__Porphyromonas;s__Porphyromonas
Porphyromonas_cangingivalis	Bacteria	d__Bacteria;p__Bacteroidota;c__Bacteroidia;o__Bacteroidales;f__Porphyromonadaceae;g__Porphyromonas;s__Porphyromonas_cangingivalis
Porphyromonas_somerae	Bacteria	d__Bacteria;p__Bacteroidota;c__Bacteroidia;o__Bacteroidales;f__Porphyromonadaceae;g__Porphyromonas;s__Porphyromonas_somerae
Porphyromonas_sp001808555	Bacteria	d__Bacteria;p__Bacteroidota;c__Bacteroidia;o__Bacteroidales;f__Porphyromonadaceae;g__Porphyromonas;s__Porphyromonas_sp001808555
Porphyromonas_sp900541275	Bacteria	d__Bacteria;p__Bacteroidota;c__Bacteroidia;o__Bacteroidales;f__Porphyromonadaceae;g__Porphyromonas;s__Porphyromonas_sp900541275
Porphyromonas_sp900554935	Bacteria	d__Bacteria;p__Bacteroidota;c__Bacteroidia;o__Bacteroidales;f__Porphyromonadaceae;g__Porphyromonas;s__Porphyromonas_sp900554935
Porphyromonas_spNov1	Bacteria	d__Bacteria;p__Bacteroidota;c__Bacteroidia;o__Bacteroidales;f__Porphyromonadaceae;g__Porphyromonas;s__Porphyromonas_spNov1
Porphyromonas_spNov2	Bacteria	d__Bacteria;p__Bacteroidota;c__Bacteroidia;o__Bacteroidales;f__Porphyromonadaceae;g__Porphyromonas;s__Porphyromonas_spNov2
Prevotella	Bacteria	d__Bacteria;p__Bacteroidota;c__Bacteroidia;o__Bacteroidales;f__Prevotellaceae;g__Prevotella;s__Prevotella
Prevotella_sp	Bacteria	d__Bacteria;p__Bacteroidota;c__Bacteroidia;o__Bacteroidales;f__Prevotellaceae;g__Prevotella;s__Prevotella_sp
Prevotella_spNov1	Bacteria	d__Bacteria;p__Bacteroidota;c__Bacteroidia;o__Bacteroidales;f__Prevotellaceae;g__Prevotella;s__Prevotella_spNov1
Prevotella_spNov2	Bacteria	d__Bacteria;p__Bacteroidota;c__Bacteroidia;o__Bacteroidales;f__Prevotellaceae;g__Prevotella;s__Prevotella_spNov2
Prevotella_spNov3	Bacteria	d__Bacteria;p__Bacteroidota;c__Bacteroidia;o__Bacteroidales;f__Prevotellaceae;g__Prevotella;s__Prevotella_spNov3
Propionibacterium	Bacteria	d__Bacteria;p__Actinomycetota;c__Actinomycetes;o__Propionibacteriales;f__Propionibacteriaceae;g__Propionibacterium;s__Propionibacterium
Propionimicrobium	Bacteria	d__Bacteria;p__Actinomycetota;c__Actinomycetes;o__Propionibacteriales;f__Propionibacteriaceae;g__Propionimicrobium;s__Propionimicrobium
Propionimicrobium_sp900155645	Bacteria	d__Bacteria;p__Actinomycetota;c__Actinomycetes;o__Propionibacteriales;f__Propionibacteriaceae;g__Propionimicrobium;s__Propionimicrobium_sp900155645
Proteus_miirabilis	Bacteria	d__Bacteria;p__Pseudomonadota;c__Gammaproteobacteria;o__Enterobacterales;f__Enterobacteriaceae;g__Proteus;s__Proteus_miirabilis
Pseudoglutamicibacter	Bacteria	d__Bacteria;p__Actinomycetota;c__Actinomycetes;o__Micrococcales;f__Micrococcaceae;g__Pseudoglutamicibacter;s__Pseudoglutamicibacter
Pyramidobacter	Bacteria	d__Bacteria;p__Bacillota_A;c__Clostridia;o__Tissierellales;f__Pyramidobacteriaceae;g__Pyramidobacter;s__Pyramidobacter
Roseburia	Bacteria	d__Bacteria;p__Bacillota_A;c__Clostridia;o__Lachnospirales;f__Lachnospiraceae;g__Roseburia;s__Roseburia
Roseburia_hominis;Roseburia	Bacteria	d__Bacteria;p__Bacillota_A;c__Clostridia;o__Lachnospirales;f__Lachnospiraceae;g__Roseburia;s__Roseburia_hominis
Rothia	Bacteria	d__Bacteria;p__Actinomycetota;c__Actinomycetes;o__Micrococcales;f__Micrococcaceae;g__Rothia;s__Rothia
Rothia_sp	Bacteria	d__Bacteria;p__Actinomycetota;c__Actinomycetes;o__Micrococcales;f__Micrococcaceae;g__Rothia;s__Rothia_sp
RUG100	Bacteria	d__Bacteria;p__Bacteroidota;c__Bacteroidia;o__Bacteroidales;f__Bacteroidaceae;g__RUG100;s__RUG100
RUG11792	Bacteria	d__Bacteria;p__Bacteroidota;c__Bacteroidia;o__Bacteroidales;f__Prevotellaceae;g__RUG11792;s__RUG11792
Ruminiclostridium_siraeum	Bacteria	d__Bacteria;p__Bacillota_A;c__Clostridia;o__Lachnospirales;f__Lachnospiraceae;g__Ruminiclostridium;s__Ruminiclostridium_siraeum
Ruminococcus_albus	Bacteria	d__Bacteria;p__Bacillota_A;c__Clostridia;o__Oscillospirales;f__Ruminococcaceae;g__Ruminococcus;s__Ruminococcus_albus
Ruminococcus_bicirculans	Bacteria	d__Bacteria;p__Bacillota_A;c__Clostridia;o__Oscillospirales;f__Ruminococcaceae;g__Ruminococcus;s__Ruminococcus_bicirculans
Ruminococcus_champanellensis	Bacteria	d__Bacteria;p__Bacillota_A;c__Clostridia;o__Oscillospirales;f__Ruminococcaceae;g__Ruminococcus;s__Ruminococcus_champanellensis
Ruminococcus_gnavus	Bacteria	d__Bacteria;p__Bacillota_A;c__Clostridia;o__Oscillospirales;f__Ruminococcaceae;g__Ruminococcus;s__Ruminococcus_gnavus
Ruminococcus_sp900314705	Bacteria	d__Bacteria;p__Bacillota_A;c__Clostridia;o__Oscillospirales;f__Ruminococcaceae;g__Ruminococcus;s__Ruminococcus_sp900314705
Slackia	Bacteria	d__Bacteria;p__Actinomycetota;c__Actinomycetes;o__Coriobacteriales;f__Coriobacteriaceae;g__Slackia;s__Slackia
Sneathia	Bacteria	d__Bacteria;p__Fusobacteriota;c__Fusobacteriia;o__Fusobacteriales;f__Leptotrichiaceae;g__Sneathia;s__Sneathia
Sodaliphilus_spNov1	Bacteria	d__Bacteria;p__Bacillota_A;c__Clostridia;o__Lachnospirales;f__Lachnospiraceae;g__Sodaliphilus;s__Sodaliphilus_spNov1
Staphylococcus	Bacteria	d__Bacteria;p__Bacillota;c__Bacilli;o__Staphylococcales;f__Staphylococcaceae;g__Staphylococcus;s__Staphylococcus
Staphylococcus_sciuri	Bacteria	d__Bacteria;p__Bacillota;c__Bacilli;o__Staphylococcales;f__Staphylococcaceae;g__Staphylococcus;s__Staphylococcus_sciuri
Staphylococcus_virus	Bacteria	d__Bacteria;p__Bacillota;c__Bacilli;o__Staphylococcales;f__Staphylococcaceae;g__Staphylococcus;s__Staphylococcus_virus
Stomatobaculum	Bacteria	d__Bacteria;p__Bacillota_C;c__Negativicutes;o__Veillonellales;f__Selenomonadaceae;g__Stomatobaculum;s__Stomatobaculum
Stomatobaculum_naviforme	Bacteria	d__Bacteria;p__Bacillota_C;c__Negativicutes;o__Veillonellales;f__Selenomonadaceae;g__Stomatobaculum;s__Stomatobaculum_naviforme
Stomatobaculum_sp002892395	Bacteria	d__Bacteria;p__Bacillota_C;c__Negativicutes;o__Veillonellales;f__Selenomonadaceae;g__Stomatobaculum;s__Stomatobaculum_sp002892395
Streptococcus	Bacteria	d__Bacteria;p__Bacillota;c__Bacilli;o__Lactobacillales;f__Streptococcaceae;g__Streptococcus;s__Streptococcus
Streptococcus_koreensis	Bacteria	d__Bacteria;p__Bacillota;c__Bacilli;o__Lactobacillales;f__Streptococcaceae;g__Streptococcus;s__Streptococcus_koreensis
Streptococcus_sp	Bacteria	d__Bacteria;p__Bacillota;c__Bacilli;o__Lactobacillales;f__Streptococcaceae;g__Streptococcus;s__Streptococcus_sp
Streptococcus_virus	Bacteria	d__Bacteria;p__Bacillota;c__Bacilli;o__Lactobacillales;f__Streptococcaceae;g__Streptococcus;s__Streptococcus_virus
Sutterella	Bacteria	d__Bacteria;p__Campylobacterota;c__Campylobacteria;o__Burkholderiales;f__Sutterellaceae;g__Sutterella;s__Sutterella
Sutterella_sp	Bacteria	d__Bacteria;p__Campylobacterota;c__Campylobacteria;o__Burkholderiales;f__Sutterellaceae;g__Sutterella;s__Sutterella_sp
Sutterella_spNov1	Bacteria	d__Bacteria;p__Campylobacterota;c__Campylobacteria;o__Burkholderiales;f__Sutterellaceae;g__Sutterella;s__Sutterella_spNov1
SY095_sp008152325	Bacteria	d__Bacteria;p__Bacteroidota;c__Bacteroidia;o__Bacteroidales;f__Bacteroidaceae;g__SY095;s__SY095_sp008152325
Tannerella_sp003033925	Bacteria	d__Bacteria;p__Bacteroidota;c__Bacteroidia;o__Bacteroidales;f__Tannerellaceae;g__Tannerella;s__Tannerella_sp003033925
Treponema	Bacteria	d__Bacteria;p__Spirochaetota;c__Spirochaetia;o__Treponematales;f__Treponemataceae;g__Treponema;s__Treponema
Treponema_brennaborense	Bacteria	d__Bacteria;p__Spirochaetota;c__Spirochaetia;o__Treponematales;f__Treponemataceae;g__Treponema;s__Treponema_brennaborense
Treponema_caldarium	Bacteria	d__Bacteria;p__Spirochaetota;c__Spirochaetia;o__Treponematales;f__Treponemataceae;g__Treponema;s__Treponema_caldarium
Treponema_denticola	Bacteria	d__Bacteria;p__Spirochaetota;c__Spirochaetia;o__Treponematales;f__Treponemataceae;g__Treponema;s__Treponema_denticola
Treponema_pedis	Bacteria	d__Bacteria;p__Spirochaetota;c__Spirochaetia;o__Treponematales;f__Treponemataceae;g__Treponema;s__Treponema_pedis
Treponema_putidum	Bacteria	d__Bacteria;p__Spirochaetota;c__Spirochaetia;o__Treponematales;f__Treponemataceae;g__Treponema;s__Treponema_putidum
Treponema_succinifaciens	Bacteria	d__Bacteria;p__Spirochaetota;c__Spirochaetia;o__Treponematales;f__Treponemataceae;g__Treponema;s__Treponema_succinifaciens
Trueperella	Bacteria	d__Bacteria;p__Actinomycetota;c__Actinomycetes;o__Actinomycetales;f__Actinomycetaceae;g__Trueperella;s__Trueperella
Trueperella_bernadiae	Bacteria	d__Bacteria;p__Actinomycetota;c__Actinomycetes;o__Actinomycetales;f__Actinomycetaceae;g__Trueperella;s__Trueperella_bernadiae
UMGS822_sp900545825	Bacteria	d__Bacteria;p__Bacteroidota;c__Bacteroidia;o__Bacteroidales;f__Bacteroidaceae;g__UMGS822;s__UMGS822_sp900545825
uncultured_bacterium	Bacteria	d__Bacteria;p__Bacteria;c__Bacteria_class;o__Bacteria_class_order;f__Bacteria_class_order_family;g__uncultured;s__uncultured_bacterium
uncultured_prokaryote	Bacteria	d__Bacteria;p__Bacteria;c__Bacteria_class;o__Bacteria_class_order;f__Bacteria_class_order_family;g__uncultured;s__uncultured_prokaryote
Ureaplasma	Bacteria	d__Bacteria;p__Mycoplasmatota;c__Mollicutes;o__Mycoplasmatales;f__Mycoplasmataceae;g__Ureaplasma;s__Ureaplasma
Varibaculum	Bacteria	d__Bacteria;p__Actinomycetota;c__Actinomycetes;o__Actinomycetales;f__Actinomycetaceae;g__Varibaculum;s__Varibaculum
Varibaculum_sp905332515	Bacteria	d__Bacteria;p__Actinomycetota;c__Actinomycetes;o__Actinomycetales;f__Actinomycetaceae;g__Varibaculum;s__Varibaculum_sp905332515
Veillonella	Bacteria	d__Bacteria;p__Bacillota_C;c__Negativicutes;o__Veillonellales;f__Veillonellaceae;g__Veillonella;s__Veillonella
W5053	Bacteria	d__Bacteria;p__Pseudomonadota;c__Gammaproteobacteria;o__Enterobacterales;f__Enterobacteriaceae;g__W5053;s__W5053
Winkia	Bacteria	d__Bacteria;p__Actinomycetota;c__Actinomycetes;o__Actinomycetales;f__Actinomycetaceae;g__Winkia;s__Winkia
Winkia_sp002849225	Bacteria	d__Bacteria;p__Actinomycetota;c__Actinomycetes;o__Actinomycetales;f__Actinomycetaceae;g__Winkia;s__Winkia_sp002849225
Bifidobacterium_phage	Phage	d__Viruses;p__Duplodnaviria;c__Uroviricota;o__Caudovirales;f__Siphoviridae;g__Bifidobacterium;s__Bifidobacterium phage
Candida	Fungi	d__Eukaryota;p__Fungi;c__Ascomycota;o__Saccharomycetes;f__Saccharomycetales;g__Candida;s__Candida
Candida_albicans	Fungi	d__Eukaryota;p__Fungi;c__Ascomycota;o__Saccharomycetes;f__Saccharomycetales;g__Candida;s__Candida albicans
Candida_dubliniensis	Fungi	d__Eukaryota;p__Fungi;c__Ascomycota;o__Saccharomycetes;f__Saccharomycetales;g__Candida;s__Candida dubliniensis
Candida_orthopsilosis	Fungi	d__Eukaryota;p__Fungi;c__Ascomycota;o__Saccharomycetes;f__Saccharomycetales;g__Candida;s__Candida orthopsilosis
Candida_tropicalis	Fungi	d__Eukaryota;p__Fungi;c__Ascomycota;o__Saccharomycetes;f__Saccharomycetales;g__Candida;s__Candida tropicalis
Caudovirales_phage	Phage	d__Viruses;p__Duplodnaviria;c__Uroviricota;o__Caudovirales;f__unclassified_Caudovirales;g__Caudovirales;s__Caudovirales phage
Corynebacterium_phage	Phage	d__Viruses;p__Duplodnaviria;c__Uroviricota;o__Caudovirales;f__Siphoviridae;g__Corynebacterium;s__Corynebacterium phage
Enterococcus_phage	Phage	d__Viruses;p__Duplodnaviria;c__Uroviricota;o__Caudovirales;f__Siphoviridae;g__Enterococcus;s__Enterococcus phage
Escherichia_phage	Phage	d__Viruses;p__Duplodnaviria;c__Uroviricota;o__Caudovirales;f__Myoviridae;g__Escherichia;s__Escherichia phage
Fusobacterium_phage	Phage	d__Viruses;p__Duplodnaviria;c__Uroviricota;o__Caudovirales;f__Siphoviridae;g__Fusobacterium;s__Fusobacterium phage
Human_alphaherpesvirus	Human_virus	d__Viruses;p__Monodnaviria;c__Peploviricota;o__Herpesvirales;f__Herpesviridae;g__Simplexvirus;s__Human alphaherpesvirus
Human_betaherpesvirus	Human_virus	d__Viruses;p__Monodnaviria;c__Peploviricota;o__Herpesvirales;f__Herpesviridae;g__Human_betaherpesvirus;s__Human betaherpesvirus
Human_gammaherpesvirus	Human_virus	d__Viruses;p__Monodnaviria;c__Peploviricota;o__Herpesvirales;f__Herpesviridae;g__Human_gammaherpesvirus;s__Human gammaherpesvirus
Human_immunodeficiency_virus	Human_virus	d__Viruses;p__Riboviria;c__Artverviricota;o__Ortervirales;f__Retroviridae;g__Lentivirus;s__Human immunodeficiency virus
Human_papillomavirus	Human_virus	d__Viruses;p__Monodnaviria;c__Cressdnaviricota;o__Zurhausenvirales;f__Papillomaviridae;g__Human_papillomavirus;s__Human papillomavirus
Lactobacillus_phage	Phage	d__Viruses;p__Duplodnaviria;c__Uroviricota;o__Caudovirales;f__Siphoviridae;g__Lactobacillus;s__Lactobacillus phage
Lactobacillus_prophage	Phage	d__Viruses;p__Duplodnaviria;c__Uroviricota;o__Caudovirales;f__Siphoviridae;g__Lactobacillus;s__Lactobacillus prophage
Lactococcus_phage	Phage	d__Viruses;p__Duplodnaviria;c__Uroviricota;o__Caudovirales;f__Siphoviridae;g__Lactococcus;s__Lactococcus phage
Mycobacterium_phage	Phage	d__Viruses;p__Duplodnaviria;c__Uroviricota;o__Caudovirales;f__Siphoviridae;g__Mycobacterium;s__Mycobacterium phage
Nakaseomyces_glabratus	Fungi	d__Eukaryota;p__Fungi;c__Ascomycota;o__Saccharomycetes;f__Saccharomycetales;g__Nakaseomyces;s__Nakaseomyces glabratus
Pichia_kudriavzevii	Fungi	d__Eukaryota;p__Fungi;c__Ascomycota;o__Saccharomycetes;f__Saccharomycetales;g__Pichia;s__Pichia kudriavzevii
Prevotella_phage	Phage	d__Viruses;p__Duplodnaviria;c__Uroviricota;o__Caudovirales;f__Siphoviridae;g__Prevotella;s__Prevotella phage
Propionibacterium_phage	Phage	d__Viruses;p__Duplodnaviria;c__Uroviricota;o__Caudovirales;f__Siphoviridae;g__Propionibacterium;s__Propionibacterium phage
Staphylococcus_phage	Phage	d__Viruses;p__Duplodnaviria;c__Uroviricota;o__Caudovirales;f__Siphoviridae;g__Staphylococcus;s__Staphylococcus phage
Streptococcus_phage	Phage	d__Viruses;p__Duplodnaviria;c__Uroviricota;o__Caudovirales;f__Siphoviridae;g__Streptococcus;s__Streptococcus phage
Streptococcus_satellite_phage	Phage	d__Viruses;p__Duplodnaviria;c__Uroviricota;o__Caudovirales;f__Siphoviridae;g__Streptococcus;s__Streptococcus satellite phage
Trichomonas_vaginalis	Protist	d__Eukaryota;p__Excavata;c__Metamonada;o__Parabasalia;f__Trichonymphea;g__Trichomonas;s__Trichomonas vaginalis
uncultured_organism	Unknown	d__Unclassified;p__Unclassified;c__Unclassified;o__Unclassified;f__Unclassified;g__uncultured;s__uncultured organism
uncultured_phage	Phage	d__Viruses;p__unclassified_viruses;c__unclassified_viruses_class;o__unclassified_viruses_class_order;f__unclassified_viruses_class_order_family;g__uncultured;s__uncultured phage
unidentified_phage	Phage	d__Viruses;p__unclassified_viruses;c__unclassified_viruses_class;o__unclassified_viruses_class_order;f__unclassified_viruses_class_order_family;g__unidentified;s__unidentified phage
